,Date,Nitrogen Dioxide_ugm-3_LDN
0,2017-01-01,31.797560975609755
1,2017-01-02,47.62558139534883
2,2017-01-03,49.18780487804877
3,2017-01-04,43.47907000000001
4,2017-01-05,31.90749999999999
5,2017-01-06,44.585365853658544
6,2017-01-07,29.2925
7,2017-01-08,31.937837837837844
8,2017-01-09,49.06829268292683
9,2017-01-10,20.76744186046512
10,2017-01-11,66.97380952380954
11,2017-01-12,42.59318181818182
12,2017-01-13,41.84871794871795
13,2017-01-14,56.22307692307692
14,2017-01-15,52.084615384615375
15,2017-01-16,64.67692307692307
16,2017-01-17,76.76923076923079
17,2017-01-18,100.32564153846155
18,2017-01-19,83.92368447368422
19,2017-01-20,79.34102538461536
20,2017-01-21,79.21538435897436
21,2017-01-22,87.07435871794871
22,2017-01-23,97.9589746153846
23,2017-01-24,103.07250025
24,2017-01-25,78.14749975
25,2017-01-26,52.0875
26,2017-01-27,66.31499975
27,2017-01-28,47.080000000000005
28,2017-01-29,39.84
29,2017-01-30,50.6025641025641
30,2017-01-31,52.712195121951225
31,2017-02-01,45.817073170731696
32,2017-02-02,35.3952380952381
33,2017-02-03,40.96097560975608
34,2017-02-04,47.86511627906976
35,2017-02-05,44.69024390243902
36,2017-02-06,64.74878024390244
37,2017-02-07,26.756410256410255
38,2017-02-08,28.523076923076932
39,2017-02-09,44.62439024390244
40,2017-02-10,30.349999999999994
41,2017-02-11,68.8418604651163
42,2017-02-12,64.33863636363637
43,2017-02-13,50.8829268292683
44,2017-02-14,65.28536560975613
45,2017-02-15,57.263414634146336
46,2017-02-16,58.15365853658536
47,2017-02-17,69.4390243902439
48,2017-02-18,49.50750000000001
49,2017-02-19,44.639024390243904
50,2017-02-20,40.63
51,2017-02-21,39.90749999999999
52,2017-02-22,32.17380952380953
53,2017-02-23,25.924390243902447
54,2017-02-24,61.29512195121952
55,2017-02-25,33.640476190476186
56,2017-02-26,23.747619047619047
57,2017-02-27,42.33170731707316
58,2017-02-28,46.210000000000015
59,2017-03-01,61.80975609756097
60,2017-03-02,38.430232558139544
61,2017-03-03,51.16410282051284
62,2017-03-04,49.52093023255813
63,2017-03-05,41.76097560975611
64,2017-03-06,32.804761904761904
65,2017-03-07,33.167500000000004
66,2017-03-08,19.982051282051273
67,2017-03-09,29.79756097560974
68,2017-03-10,47.74499999999999
69,2017-03-11,69.36744186046514
70,2017-03-12,50.81136363636363
71,2017-03-13,55.9952380952381
72,2017-03-14,49.09047619047618
73,2017-03-15,63.11666642857141
74,2017-03-16,51.31219512195123
75,2017-03-17,40.278048780487815
76,2017-03-18,26.184999999999995
77,2017-03-19,18.285
78,2017-03-20,35.1425
79,2017-03-21,39.83589743589744
80,2017-03-22,50.235
81,2017-03-23,42.8439024390244
82,2017-03-24,41.885365853658534
83,2017-03-25,37.18780487804878
84,2017-03-26,32.89756097560975
85,2017-03-27,52.87804902439025
86,2017-03-28,53.59761928571429
87,2017-03-29,41.81666642857144
88,2017-03-30,58.219047380952404
89,2017-03-31,51.63255813953487
90,2017-04-01,57.10499999999998
91,2017-04-02,76.6348839534884
92,2017-04-03,40.03750000000001
93,2017-04-04,46.09285714285714
94,2017-04-05,38.664285714285704
95,2017-04-06,21.407142857142865
96,2017-04-07,40.197435897435895
97,2017-04-08,27.57073170731708
98,2017-04-09,32.8
99,2017-04-10,39.063414634146355
100,2017-04-11,45.88837209302326
101,2017-04-12,66.74883720930232
102,2017-04-13,46.980487804878045
103,2017-04-14,34.1170731707317
104,2017-04-15,29.51219512195122
105,2017-04-16,27.82195121951219
106,2017-04-17,31.9219512195122
107,2017-04-18,39.46585365853658
108,2017-04-19,51.314999750000005
109,2017-04-20,51.470000000000006
110,2017-04-21,52.22439024390245
111,2017-04-22,37.404878048780496
112,2017-04-23,31.83658536585366
113,2017-04-24,43.757500000000014
114,2017-04-25,38.17
115,2017-04-26,37.64634146341462
116,2017-04-27,54.821428571428584
117,2017-04-28,54.040476190476184
118,2017-04-29,45.804761904761904
119,2017-04-30,33.2780487804878
120,2017-05-01,92.93414658536585
121,2017-05-02,51.86744186046513
122,2017-05-03,27.758536585365853
123,2017-05-04,47.41162790697674
124,2017-05-05,36.58333333333333
125,2017-05-06,25.919047619047618
126,2017-05-07,44.24499975
127,2017-05-08,34.82380952380952
128,2017-05-09,28.89268292682927
129,2017-05-10,33.172093023255826
130,2017-05-11,41.927906976744175
131,2017-05-12,61.230232558139534
132,2017-05-13,34.05952380952382
133,2017-05-14,30.485714285714295
134,2017-05-15,38.61190476190476
135,2017-05-16,32.11904761904763
136,2017-05-17,50.49268292682926
137,2017-05-18,50.83414634146343
138,2017-05-19,48.27619047619048
139,2017-05-20,32.73095238095239
140,2017-05-21,32.46666666666666
141,2017-05-22,50.58749975000001
142,2017-05-23,43.82000000000001
143,2017-05-24,54.461538461538474
144,2017-05-25,56.55384615384615
145,2017-05-26,55.49512195121952
146,2017-05-27,42.35121951219512
147,2017-05-28,40.80731707317073
148,2017-05-29,32.228571428571435
149,2017-05-30,32.25238095238095
150,2017-05-31,46.087804878048786
151,2017-06-01,81.38780463414635
152,2017-06-02,63.79767418604652
153,2017-06-03,54.54285714285714
154,2017-06-04,61.16744186046511
155,2017-06-05,33.59285714285714
156,2017-06-06,22.924390243902437
157,2017-06-07,56.302439024390246
158,2017-06-08,25.08571428571428
159,2017-06-09,39.21749999999999
160,2017-06-10,50.597674418604655
161,2017-06-11,59.16279069767443
162,2017-06-12,44.652272727272724
163,2017-06-13,47.94146341463416
164,2017-06-14,56.21951195121951
165,2017-06-15,43.275
166,2017-06-16,37.29749999999998
167,2017-06-17,41.687499999999986
168,2017-06-18,43.0175
169,2017-06-19,67.18249999999999
170,2017-06-20,60.64
171,2017-06-21,55.31315815789473
172,2017-06-22,37.225
173,2017-06-23,28.68048780487804
174,2017-06-24,23.039024390243902
175,2017-06-25,18.6025
176,2017-06-26,39.375
177,2017-06-27,51.935135135135134
178,2017-06-28,38.175000000000004
179,2017-06-29,40.9108108108108
180,2017-06-30,41.74615384615383
181,2017-07-01,55.285714285714285
182,2017-07-02,72.27674418604651
183,2017-07-03,53.25238095238096
184,2017-07-04,61.223809523809514
185,2017-07-05,30.380952380952387
186,2017-07-06,24.630952380952376
187,2017-07-07,41.4609756097561
188,2017-07-08,34.307142857142864
189,2017-07-09,34.635
190,2017-07-10,32.079069767441865
191,2017-07-11,41.75714285714286
192,2017-07-12,36.92558139534883
193,2017-07-13,44.678048780487806
194,2017-07-14,37.57560975609756
195,2017-07-15,30.532500000000006
196,2017-07-16,20.229999999999997
197,2017-07-17,39.74615384615384
198,2017-07-18,42.394999750000004
199,2017-07-19,38.647499999999994
200,2017-07-20,28.46052631578948
201,2017-07-21,28.502631578947373
202,2017-07-22,31.469230769230762
203,2017-07-23,28.773684210526305
204,2017-07-24,31.978947368421046
205,2017-07-25,40.32820512820511
206,2017-07-26,32.08421052631579
207,2017-07-27,27.423684210526314
208,2017-07-28,22.571052631578944
209,2017-07-29,27.981578947368426
210,2017-07-30,18.96052631578947
211,2017-07-31,28.522222222222222
212,2017-08-01,59.776190476190486
213,2017-08-02,52.41162790697675
214,2017-08-03,54.49047619047618
215,2017-08-04,59.907143095238084
216,2017-08-05,35.6404761904762
217,2017-08-06,26.24615384615385
218,2017-08-07,31.821951219512197
219,2017-08-08,37.71666666666667
220,2017-08-09,35.81219512195121
221,2017-08-10,41.87619047619046
222,2017-08-11,52.06666666666667
223,2017-08-12,41.52380952380953
224,2017-08-13,31.638095238095246
225,2017-08-14,48.50714285714285
226,2017-08-15,46.65476190476191
227,2017-08-16,39.60000000000001
228,2017-08-17,27.597435897435897
229,2017-08-18,29.312820512820508
230,2017-08-19,24.2609756097561
231,2017-08-20,26.9439024390244
232,2017-08-21,41.152499999999996
233,2017-08-22,40.05641025641026
234,2017-08-23,41.09749999999999
235,2017-08-24,40.09268292682927
236,2017-08-25,54.970731707317064
237,2017-08-26,54.11219512195122
238,2017-08-27,41.670731707317074
239,2017-08-28,44.275609756097566
240,2017-08-29,48.90952380952382
241,2017-08-30,43.890243902439025
242,2017-08-31,47.202438780487796
243,2017-09-01,46.77857142857143
244,2017-09-02,44.961904761904755
245,2017-09-03,52.555813953488375
246,2017-09-04,44.38974358974358
247,2017-09-05,45.55476190476191
248,2017-09-06,29.97
249,2017-09-07,36.451219756097565
250,2017-09-08,35.63333333333333
251,2017-09-09,36.40243902439023
252,2017-09-10,54.161904761904765
253,2017-09-11,65.66499999999999
254,2017-09-12,58.407142857142844
255,2017-09-13,28.530952380952378
256,2017-09-14,39.548780487804876
257,2017-09-15,47.056097560975616
258,2017-09-16,41.31463414634147
259,2017-09-17,36.18780487804879
260,2017-09-18,44.99512195121953
261,2017-09-19,53.57560975609755
262,2017-09-20,47.96585365853659
263,2017-09-21,41.882926829268285
264,2017-09-22,46.93414634146343
265,2017-09-23,42.326829268292684
266,2017-09-24,42.03170731707317
267,2017-09-25,56.92682926829271
268,2017-09-26,50.7904761904762
269,2017-09-27,49.18571428571429
270,2017-09-28,43.079069767441865
271,2017-09-29,45.02558139534884
272,2017-09-30,39.37209302325581
273,2017-10-01,56.63250000000001
274,2017-10-02,47.13902439024389
275,2017-10-03,54.30232558139535
276,2017-10-04,39.47560975609757
277,2017-10-05,51.29285714285714
278,2017-10-06,24.509523809523817
279,2017-10-07,36.65609756097561
280,2017-10-08,38.95952380952381
281,2017-10-09,22.610000000000003
282,2017-10-10,34.719512195121965
283,2017-10-11,47.90256410256411
284,2017-10-12,49.78809523809524
285,2017-10-13,30.909523809523805
286,2017-10-14,34.216666666666676
287,2017-10-15,41.92857142857143
288,2017-10-16,37.79512195121951
289,2017-10-17,54.556097560975616
290,2017-10-18,55.561904761904756
291,2017-10-19,40.699999999999996
292,2017-10-20,34.78372093023256
293,2017-10-21,20.544186046511626
294,2017-10-22,24.976744186046517
295,2017-10-23,43.9906976744186
296,2017-10-24,29.530232558139538
297,2017-10-25,50.002325581395354
298,2017-10-26,57.446511627906965
299,2017-10-27,53.60232558139535
300,2017-10-28,39.71627906976746
301,2017-10-29,28.004651162790697
302,2017-10-30,63.072093023255825
303,2017-10-31,55.611627906976736
304,2017-11-01,43.11219512195122
305,2017-11-02,40.126190476190466
306,2017-11-03,48.942857380952375
307,2017-11-04,44.956097560975614
308,2017-11-05,67.8975612195122
309,2017-11-06,17.37142857142857
310,2017-11-07,34.62439024390244
311,2017-11-08,38.58372093023257
312,2017-11-09,26.82195121951219
313,2017-11-10,28.434146341463407
314,2017-11-11,54.292682926829265
315,2017-11-12,47.157142857142865
316,2017-11-13,51.78095238095237
317,2017-11-14,51.745000000000005
318,2017-11-15,55.904878048780496
319,2017-11-16,52.856097560975606
320,2017-11-17,78.55116279069767
321,2017-11-18,56.28809523809524
322,2017-11-19,56.15365853658536
323,2017-11-20,42.58048780487804
324,2017-11-21,33.92
325,2017-11-22,27.24
326,2017-11-23,34.705
327,2017-11-24,72.5
328,2017-11-25,55.22857142857143
329,2017-11-26,40.84761904761905
330,2017-11-27,39.545238095238076
331,2017-11-28,56.083720930232545
332,2017-11-29,45.95227272727272
333,2017-11-30,47.48604651162791
334,2017-12-01,49.55750000000001
335,2017-12-02,37.285714285714285
336,2017-12-03,61.780952142857146
337,2017-12-04,38.800000000000004
338,2017-12-05,45.04999999999999
339,2017-12-06,30.08809523809524
340,2017-12-07,33.43414634146341
341,2017-12-08,26.178571428571434
342,2017-12-09,29.245238095238093
343,2017-12-10,39.22682926829268
344,2017-12-11,31.280952380952378
345,2017-12-12,69.43488372093022
346,2017-12-13,46.56279069767441
347,2017-12-14,49.41190476190476
348,2017-12-15,51.70697674418607
349,2017-12-16,56.6953488372093
350,2017-12-17,47.921428571428564
351,2017-12-18,74.06976744186045
352,2017-12-19,74.72857142857143
353,2017-12-20,59.17209302325582
354,2017-12-21,53.83809523809524
355,2017-12-22,57.33023255813952
356,2017-12-23,28.746511627906976
357,2017-12-24,19.939534883720928
358,2017-12-25,11.288372093023256
359,2017-12-26,23.786046511627895
360,2017-12-27,31.66585365853658
361,2017-12-28,56.038095238095224
362,2017-12-29,42.41666666666667
363,2017-12-30,26.844186046511638
364,2017-12-31,19.151162790697676
365,2018-01-01,28.648837209302332
366,2018-01-02,40.55
367,2018-01-03,33.111627906976736
368,2018-01-04,35.84666666666667
369,2018-01-05,42.52222222222222
370,2018-01-06,45.44444444444444
371,2018-01-07,35.07142857142858
372,2018-01-08,35.24999999999999
373,2018-01-09,46.38695652173912
374,2018-01-10,38.21041666666667
375,2018-01-11,56.439583333333324
376,2018-01-12,36.59787234042553
377,2018-01-13,35.65813953488372
378,2018-01-14,40.86279069767442
379,2018-01-15,33.881395348837216
380,2018-01-16,36.23023255813954
381,2018-01-17,35.165116279069764
382,2018-01-18,37.66976744186047
383,2018-01-19,51.55
384,2018-01-20,53.81818181818184
385,2018-01-21,50.097727272727276
386,2018-01-22,52.914634146341456
387,2018-01-23,33.51428571428571
388,2018-01-24,31.181395348837214
389,2018-01-25,44.66511627906976
390,2018-01-26,63.6093023255814
391,2018-01-27,42.17674418604652
392,2018-01-28,23.051162790697678
393,2018-01-29,40.50930232558139
394,2018-01-30,65.88837209302326
395,2018-01-31,37.00930232558141
396,2018-02-01,38.300000000000004
397,2018-02-02,49.78863636363636
398,2018-02-03,40.972093023255816
399,2018-02-04,32.88444444444444
400,2018-02-05,42.76222222222221
401,2018-02-06,35.86976744186047
402,2018-02-07,36.86744186046512
403,2018-02-08,41.83023255813954
404,2018-02-09,45.893617021276604
405,2018-02-10,30.8595744680851
406,2018-02-11,68.51458333333336
407,2018-02-12,22.272340425531908
408,2018-02-13,41.963636363636354
409,2018-02-14,45.24772727272728
410,2018-02-15,47.0
411,2018-02-16,66.17272727272729
412,2018-02-17,68.14444444444443
413,2018-02-18,51.93777777777776
414,2018-02-19,51.588636363636354
415,2018-02-20,38.19318181818181
416,2018-02-21,49.87727272727273
417,2018-02-22,51.61590909090909
418,2018-02-23,52.3
419,2018-02-24,42.93777777777778
420,2018-02-25,31.064444444444458
421,2018-02-26,34.719047619047615
422,2018-02-27,53.102439024390236
423,2018-02-28,44.91162790697675
424,2018-03-01,24.97441860465116
425,2018-03-02,60.38636363636363
426,2018-03-03,49.4909090909091
427,2018-03-04,34.38222222222221
428,2018-03-05,53.37045454545455
429,2018-03-06,37.67441860465116
430,2018-03-07,32.381818181818176
431,2018-03-08,47.7525
432,2018-03-09,60.54893617021277
433,2018-03-10,45.54791666666666
434,2018-03-11,47.012499999999996
435,2018-03-12,38.228888888888896
436,2018-03-13,49.33255813953489
437,2018-03-14,41.38636363636363
438,2018-03-15,52.347727272727276
439,2018-03-16,49.60444444444444
440,2018-03-17,26.439999999999998
441,2018-03-18,26.84090909090909
442,2018-03-19,34.01590909090909
443,2018-03-20,43.79777777777778
444,2018-03-21,60.61555555555555
445,2018-03-22,42.235555555555536
446,2018-03-23,38.87608695652174
447,2018-03-24,48.89777777777778
448,2018-03-25,48.242222222222225
449,2018-03-26,60.31555555555555
450,2018-03-27,45.638636363636365
451,2018-03-28,62.056818181818194
452,2018-03-29,56.40666666666666
453,2018-03-30,46.37333333333333
454,2018-03-31,35.871111111111105
455,2018-04-01,38.34318181818182
456,2018-04-02,26.711363636363625
457,2018-04-03,46.972727272727276
458,2018-04-04,32.33999999999999
459,2018-04-05,55.63409090909092
460,2018-04-06,33.77142857142857
461,2018-04-07,43.44186046511627
462,2018-04-08,29.212499999999995
463,2018-04-09,38.26170212765958
464,2018-04-10,36.850000000000016
465,2018-04-11,39.80425531914893
466,2018-04-12,69.88478260869563
467,2018-04-13,49.153191489361696
468,2018-04-14,51.54468085106384
469,2018-04-15,37.519148936170204
470,2018-04-16,37.36808510638297
471,2018-04-17,35.20212765957447
472,2018-04-18,53.27173913043478
473,2018-04-19,78.17954545454546
474,2018-04-20,60.18372093023254
475,2018-04-21,59.21860465116277
476,2018-04-22,33.52558139534884
477,2018-04-23,32.63953488372093
478,2018-04-24,30.322727272727267
479,2018-04-25,31.34130434782608
480,2018-04-26,34.591304347826096
481,2018-04-27,55.876595744680856
482,2018-04-28,39.9872340425532
483,2018-04-29,22.680434782608696
484,2018-04-30,37.14444444444445
485,2018-05-01,52.593181818181826
486,2018-05-02,39.35348837209302
487,2018-05-03,46.39318181818183
488,2018-05-04,38.637777777777785
489,2018-05-05,59.15348837209302
490,2018-05-06,32.707142857142856
491,2018-05-07,56.89069767441861
492,2018-05-08,32.5325
493,2018-05-09,36.863043478260884
494,2018-05-10,59.36249999999999
495,2018-05-11,52.780851063829786
496,2018-05-12,46.21702127659575
497,2018-05-13,42.5340425531915
498,2018-05-14,37.80652173913043
499,2018-05-15,41.52391304347826
500,2018-05-16,30.33260869565217
501,2018-05-17,32.02765957446809
502,2018-05-18,46.07173913043478
503,2018-05-19,46.72127659574468
504,2018-05-20,39.633333333333326
505,2018-05-21,56.73191489361702
506,2018-05-22,35.24468085106383
507,2018-05-23,31.636170212765954
508,2018-05-24,44.71914893617023
509,2018-05-25,54.376595744680856
510,2018-05-26,34.248936170212765
511,2018-05-27,39.1531914893617
512,2018-05-28,33.24130434782608
513,2018-05-29,35.10227272727272
514,2018-05-30,48.699999999999996
515,2018-05-31,51.46279069767441
516,2018-06-01,49.57500000000002
517,2018-06-02,51.42500000000002
518,2018-06-03,57.69772727272727
519,2018-06-04,48.942553191489345
520,2018-06-05,56.27209302325582
521,2018-06-06,37.54772727272727
522,2018-06-07,53.975000000000016
523,2018-06-08,54.330768974358975
524,2018-06-09,39.46521739130434
525,2018-06-10,34.985416666666666
526,2018-06-11,41.60425531914894
527,2018-06-12,37.10416666666666
528,2018-06-13,40.59782608695652
529,2018-06-14,31.99130434782609
530,2018-06-15,42.42978723404254
531,2018-06-16,26.282978723404245
532,2018-06-17,18.795744680851065
533,2018-06-18,23.999999999999996
534,2018-06-19,23.959999999999997
535,2018-06-20,23.042222222222225
536,2018-06-21,30.246808510638296
537,2018-06-22,36.4404255319149
538,2018-06-23,36.87234042553191
539,2018-06-24,35.53333333333333
540,2018-06-25,52.05227272727275
541,2018-06-26,47.95
542,2018-06-27,33.96976744186047
543,2018-06-28,33.695121951219505
544,2018-06-29,33.67317073170731
545,2018-06-30,27.780952380952375
546,2018-07-01,23.074418604651164
547,2018-07-02,61.92727272727273
548,2018-07-03,65.43636363636362
549,2018-07-04,50.65319148936171
550,2018-07-05,63.19302325581395
551,2018-07-06,39.91777777777778
552,2018-07-07,45.52790697674419
553,2018-07-08,50.29473684210527
554,2018-07-09,38.20652173913044
555,2018-07-10,39.7
556,2018-07-11,30.236170212765956
557,2018-07-12,31.943749999999994
558,2018-07-13,42.10888888888889
559,2018-07-14,41.580952380952375
560,2018-07-15,40.18333333333333
561,2018-07-16,44.87906976744186
562,2018-07-17,29.906818181818185
563,2018-07-18,42.52727272727273
564,2018-07-19,51.85681818181818
565,2018-07-20,50.2863634090909
566,2018-07-21,43.5688888888889
567,2018-07-22,37.50454545454546
568,2018-07-23,40.595121951219525
569,2018-07-24,38.387804878048776
570,2018-07-25,45.65121951219513
571,2018-07-26,53.962499749999985
572,2018-07-27,50.14146341463414
573,2018-07-28,16.539534883720933
574,2018-07-29,13.330232558139533
575,2018-07-30,21.47906976744186
576,2018-07-31,28.9
577,2018-08-01,35.40232558139535
578,2018-08-02,61.037777777777784
579,2018-08-03,37.632558139534886
580,2018-08-04,44.797872340425535
581,2018-08-05,62.06744186046513
582,2018-08-06,37.43555555555557
583,2018-08-07,37.018181818181816
584,2018-08-08,27.187804878048787
585,2018-08-09,35.71521739130436
586,2018-08-10,46.442553191489374
587,2018-08-11,42.543749999999996
588,2018-08-12,23.691666666666674
589,2018-08-13,30.20232558139535
590,2018-08-14,31.825000000000003
591,2018-08-15,26.25333333333333
592,2018-08-16,31.836363636363647
593,2018-08-17,33.208888888888886
594,2018-08-18,23.184782608695652
595,2018-08-19,16.806521739130428
596,2018-08-20,30.864285714285714
597,2018-08-21,34.29024390243902
598,2018-08-22,32.69756097560975
599,2018-08-23,27.425581395348836
600,2018-08-24,27.111363636363635
601,2018-08-25,32.908695652173904
602,2018-08-26,27.430434782608696
603,2018-08-27,20.3
604,2018-08-28,39.27777777777779
605,2018-08-29,45.49130434782609
606,2018-08-30,41.44565217391305
607,2018-08-31,47.40217391304348
608,2018-09-01,46.04418604651161
609,2018-09-02,42.857777777777784
610,2018-09-03,62.062790697674416
611,2018-09-04,50.3787234042553
612,2018-09-05,40.64888888888889
613,2018-09-06,32.451111111111125
614,2018-09-07,45.62272727272727
615,2018-09-08,44.09047619047619
616,2018-09-09,25.069565217391297
617,2018-09-10,56.474468085106395
618,2018-09-11,37.62916666666667
619,2018-09-12,27.891666666666662
620,2018-09-13,51.10212765957447
621,2018-09-14,40.68125
622,2018-09-15,34.53958333333333
623,2018-09-16,26.2625
624,2018-09-17,37.98085106382979
625,2018-09-18,24.10638297872341
626,2018-09-19,22.35106382978723
627,2018-09-20,21.946808510638302
628,2018-09-21,25.527083333333334
629,2018-09-22,36.91276595744681
630,2018-09-23,30.093617021276597
631,2018-09-24,51.44791666666666
632,2018-09-25,60.681249999999984
633,2018-09-26,65.41666666666667
634,2018-09-27,65.7625
635,2018-09-28,35.400000000000006
636,2018-09-29,57.90000000000001
637,2018-09-30,39.08125
638,2018-10-01,64.28999999999999
639,2018-10-02,43.906666666666666
640,2018-10-03,39.80930232558139
641,2018-10-04,53.300000000000004
642,2018-10-05,41.24444444444445
643,2018-10-06,25.477777777777774
644,2018-10-07,25.451111111111103
645,2018-10-08,34.83488372093023
646,2018-10-09,28.9
647,2018-10-10,67.42391304347827
648,2018-10-11,39.87500000000001
649,2018-10-12,56.39347826086957
650,2018-10-13,23.148936170212767
651,2018-10-14,26.123404255319148
652,2018-10-15,41.68666666666666
653,2018-10-16,38.75111111111111
654,2018-10-17,53.21777777777777
655,2018-10-18,43.128888888888895
656,2018-10-19,64.92391304347827
657,2018-10-20,61.63191489361703
658,2018-10-21,43.27872340425531
659,2018-10-22,47.75208333333334
660,2018-10-23,45.51249999999998
661,2018-10-24,46.387499999999996
662,2018-10-25,49.26666666666666
663,2018-10-26,42.77916666666666
664,2018-10-27,31.21249999999999
665,2018-10-28,27.170833333333345
666,2018-10-29,39.768750000000004
667,2018-10-30,39.29374999999999
668,2018-10-31,59.43333333333334
669,2018-11-01,52.23170731707316
670,2018-11-02,26.215555555555557
671,2018-11-03,55.5813953488372
672,2018-11-04,44.11521739130434
673,2018-11-05,44.31063829787235
674,2018-11-06,35.96222222222222
675,2018-11-07,29.562222222222218
676,2018-11-08,33.36363636363637
677,2018-11-09,24.563043478260873
678,2018-11-10,33.68695652173913
679,2018-11-11,32.887499999999996
680,2018-11-12,70.56888888888889
681,2018-11-13,45.349999999999994
682,2018-11-14,48.481249999999996
683,2018-11-15,45.354545454545466
684,2018-11-16,38.693333333333335
685,2018-11-17,45.72978723404254
686,2018-11-18,39.191489361702125
687,2018-11-19,31.84255319148937
688,2018-11-20,40.84565217391305
689,2018-11-21,50.81956521739129
690,2018-11-22,62.577777777777776
691,2018-11-23,55.973913043478255
692,2018-11-24,48.340425531914896
693,2018-11-25,34.64680851063829
694,2018-11-26,47.051063829787225
695,2018-11-27,48.84782608695653
696,2018-11-28,34.19574468085106
697,2018-11-29,28.18723404255319
698,2018-11-30,45.18936170212765
699,2018-12-01,50.14047619047618
700,2018-12-02,52.08181818181819
701,2018-12-03,49.042857142857144
702,2018-12-04,39.072340425531905
703,2018-12-05,46.63829787234042
704,2018-12-06,36.339999999999996
705,2018-12-07,41.51555555555556
706,2018-12-08,22.625000000000004
707,2018-12-09,42.652173913043484
708,2018-12-10,23.825531914893617
709,2018-12-11,43.26458333333334
710,2018-12-12,51.051111111111084
711,2018-12-13,54.43043478260868
712,2018-12-14,59.64255319148937
713,2018-12-15,32.68297872340426
714,2018-12-16,47.31276595744679
715,2018-12-17,51.400000000000006
716,2018-12-18,30.618750000000002
717,2018-12-19,47.12291666666666
718,2018-12-20,41.49166666666667
719,2018-12-21,29.325531914893627
720,2018-12-22,37.5808510638298
721,2018-12-23,34.678723404255315
722,2018-12-24,55.661702127659574
723,2018-12-25,50.60851063829786
724,2018-12-26,42.60425531914893
725,2018-12-27,66.1978723404255
726,2018-12-28,56.31702127659575
727,2018-12-29,39.39999999999999
728,2018-12-30,37.338297872340426
729,2018-12-31,32.168085106382975
730,2019-01-01,27.846808510638297
731,2019-01-02,41.28723404255319
732,2019-01-03,50.6875
733,2019-01-04,42.11063829787235
734,2019-01-05,49.83695652173913
735,2019-01-06,31.77499999999999
736,2019-01-07,22.57
737,2019-01-08,33.302127659574474
738,2019-01-09,24.748
739,2019-01-10,30.569387755102042
740,2019-01-11,39.65306122448979
741,2019-01-12,33.79399999999999
742,2019-01-13,21.75744680851064
743,2019-01-14,45.41702127659573
744,2019-01-15,46.48723404255318
745,2019-01-16,39.38936170212765
746,2019-01-17,51.917021276595754
747,2019-01-18,61.58297872340427
748,2019-01-19,41.82291666666668
749,2019-01-20,56.433333333333344
750,2019-01-21,63.83125000000001
751,2019-01-22,57.47916666666665
752,2019-01-23,57.51666666666666
753,2019-01-24,78.11041666666664
754,2019-01-25,57.11489361702128
755,2019-01-26,28.758333333333336
756,2019-01-27,19.529166666666672
757,2019-01-28,52.07234042553192
758,2019-01-29,63.28297872340426
759,2019-01-30,65.70638297872343
760,2019-01-31,66.94130434782609
761,2019-02-01,43.173913043478265
762,2019-02-02,33.40212765957446
763,2019-02-03,28.946938775510198
764,2019-02-04,53.81276595744679
765,2019-02-05,39.43043478260869
766,2019-02-06,22.35454545454546
767,2019-02-07,28.320000000000004
768,2019-02-08,31.254166666666663
769,2019-02-09,32.46600000000001
770,2019-02-10,37.19795918367348
771,2019-02-11,18.146938775510204
772,2019-02-12,65.77799999999998
773,2019-02-13,50.597916666666684
774,2019-02-14,72.9857142857143
775,2019-02-15,73.55306142857144
776,2019-02-16,52.640816326530626
777,2019-02-17,39.916326530612245
778,2019-02-18,45.96734693877552
779,2019-02-19,42.27083333333334
780,2019-02-20,36.74166666666668
781,2019-02-21,45.54583333333331
782,2019-02-22,59.558333333333344
783,2019-02-23,55.295744680851044
784,2019-02-24,67.01063829787235
785,2019-02-25,88.11956543478263
786,2019-02-26,96.08478260869565
787,2019-02-27,92.20217391304347
788,2019-02-28,53.49787234042553
789,2019-03-01,53.39130434782608
790,2019-03-02,44.79148936170214
791,2019-03-03,18.024999999999995
792,2019-03-04,56.32291666666668
793,2019-03-05,43.53333333333333
794,2019-03-06,25.473333333333333
795,2019-03-07,34.614000000000004
796,2019-03-08,31.79583333333333
797,2019-03-09,26.109999999999992
798,2019-03-10,44.214285714285715
799,2019-03-11,35.95918367346938
800,2019-03-12,68.67916666666669
801,2019-03-13,26.140816326530615
802,2019-03-14,29.039583333333326
803,2019-03-15,23.75208333333333
804,2019-03-16,16.851020408163265
805,2019-03-17,26.316326530612237
806,2019-03-18,52.47551020408164
807,2019-03-19,50.87446808510638
808,2019-03-20,42.38163265306123
809,2019-03-21,43.919565217391295
810,2019-03-22,40.76041666666668
811,2019-03-23,42.58749999999999
812,2019-03-24,40.92083333333333
813,2019-03-25,39.71304347826086
814,2019-03-26,64.66382978723404
815,2019-03-27,62.153191489361696
816,2019-03-28,65.22826086956523
817,2019-03-29,67.73111133333333
818,2019-03-30,61.410638297872346
819,2019-03-31,25.189583333333335
820,2019-04-01,58.653191489361696
821,2019-04-02,43.75434782608695
822,2019-04-03,30.9795918367347
823,2019-04-04,38.81875
824,2019-04-05,23.650000000000002
825,2019-04-06,38.831111111111106
826,2019-04-07,42.4408163265306
827,2019-04-08,28.708333333333332
828,2019-04-09,21.002
829,2019-04-10,38.45199999999999
830,2019-04-11,47.94791666666668
831,2019-04-12,76.42708333333333
832,2019-04-13,37.88124999999999
833,2019-04-14,33.91249999999999
834,2019-04-15,46.019148936170204
835,2019-04-16,66.85869565217395
836,2019-04-17,55.559090909090926
837,2019-04-18,53.98604651162791
838,2019-04-19,51.20000000000002
839,2019-04-20,45.45581395348837
840,2019-04-21,46.91190476190477
841,2019-04-22,56.026190476190465
842,2019-04-23,63.90697674418604
843,2019-04-24,43.35853658536585
844,2019-04-25,29.224999999999998
845,2019-04-26,31.56521739130435
846,2019-04-27,18.536956521739132
847,2019-04-28,24.086956521739125
848,2019-04-29,45.03111111111111
849,2019-04-30,51.83829787234044
850,2019-05-01,47.78723404255317
851,2019-05-02,45.8723404255319
852,2019-05-03,36.24081632653061
853,2019-05-04,37.62608695652173
854,2019-05-05,30.681250000000006
855,2019-05-06,30.191666666666674
856,2019-05-07,41.81666666666667
857,2019-05-08,25.091666666666665
858,2019-05-09,33.00816326530613
859,2019-05-10,38.604
860,2019-05-11,37.99999999999999
861,2019-05-12,50.05744680851063
862,2019-05-13,42.92340425531915
863,2019-05-14,37.00222222222222
864,2019-05-15,43.80217391304347
865,2019-05-16,37.07826086956521
866,2019-05-17,37.4125
867,2019-05-18,44.626530612244906
868,2019-05-19,40.78775510204081
869,2019-05-20,44.922222222222224
870,2019-05-21,40.06136363636365
871,2019-05-22,44.69555555555556
872,2019-05-23,44.43111111111111
873,2019-05-24,39.34444444444444
874,2019-05-25,27.971111111111107
875,2019-05-26,18.352173913043483
876,2019-05-27,20.176086956521736
877,2019-05-28,30.448936170212775
878,2019-05-29,32.64444444444445
879,2019-05-30,22.17555555555555
880,2019-05-31,26.597727272727276
881,2019-06-01,49.30000000000002
882,2019-06-02,48.897872340425536
883,2019-06-03,28.159183673469396
884,2019-06-04,31.259183673469384
885,2019-06-05,30.414583333333336
886,2019-06-06,32.256250000000016
887,2019-06-07,26.737499999999997
888,2019-06-08,21.114583333333336
889,2019-06-09,36.34999999999999
890,2019-06-10,21.91224489795919
891,2019-06-11,47.69183673469387
892,2019-06-12,29.62765957446809
893,2019-06-13,31.178260869565225
894,2019-06-14,28.043749999999992
895,2019-06-15,25.839583333333326
896,2019-06-16,18.154166666666665
897,2019-06-17,26.76875
898,2019-06-18,46.16122448979592
899,2019-06-19,41.81875
900,2019-06-20,29.491666666666664
901,2019-06-21,34.16041666666667
902,2019-06-22,31.577083333333338
903,2019-06-23,31.62083333333334
904,2019-06-24,46.67499999999999
905,2019-06-25,37.09347826086957
906,2019-06-26,22.617391304347827
907,2019-06-27,21.793617021276596
908,2019-06-28,25.937499999999996
909,2019-06-29,40.35744680851063
910,2019-06-30,16.96
911,2019-07-01,40.68510638297872
912,2019-07-02,29.389130434782604
913,2019-07-03,26.483673469387753
914,2019-07-04,29.934042553191492
915,2019-07-05,41.2875
916,2019-07-06,38.376086956521746
917,2019-07-07,23.31458333333333
918,2019-07-08,24.30425531914893
919,2019-07-09,25.261999999999993
920,2019-07-10,35.69
921,2019-07-11,43.08163265306123
922,2019-07-12,31.10208333333334
923,2019-07-13,23.03061224489796
924,2019-07-14,19.322448979591837
925,2019-07-15,26.82291666666666
926,2019-07-16,39.61020408163264
927,2019-07-17,39.28510638297872
928,2019-07-18,30.608333333333338
929,2019-07-19,30.21224489795918
930,2019-07-20,20.97021276595745
931,2019-07-21,19.979166666666668
932,2019-07-22,23.29787234042553
933,2019-07-23,44.742222222222225
934,2019-07-24,45.49565217391306
935,2019-07-25,61.35652130434782
936,2019-07-26,36.68085106382977
937,2019-07-27,27.87872340425532
938,2019-07-28,21.185106382978724
939,2019-07-29,31.74042553191489
940,2019-07-30,23.08695652173913
941,2019-07-31,23.86666666666666
942,2019-08-01,42.03863636363636
943,2019-08-02,24.002127659574466
944,2019-08-03,40.385714285714286
945,2019-08-04,54.40416666666666
946,2019-08-05,38.05531914893617
947,2019-08-06,18.991836734693887
948,2019-08-07,35.35957446808509
949,2019-08-08,29.47826086956521
950,2019-08-09,32.257999999999996
951,2019-08-10,28.02400000000001
952,2019-08-11,51.916666666666664
953,2019-08-12,17.34893617021277
954,2019-08-13,31.06122448979592
955,2019-08-14,29.29
956,2019-08-15,24.954
957,2019-08-16,25.358000000000008
958,2019-08-17,17.689999999999998
959,2019-08-18,17.281999999999996
960,2019-08-19,23.261224489795918
961,2019-08-20,35.908163265306115
962,2019-08-21,36.79166666666668
963,2019-08-22,32.053061224489795
964,2019-08-23,45.443999999999996
965,2019-08-24,57.766000199999986
966,2019-08-25,54.68367346938776
967,2019-08-26,57.27346938775512
968,2019-08-27,65.14897959183672
969,2019-08-28,30.92400000000001
970,2019-08-29,27.416326530612253
971,2019-08-30,28.787999999999993
972,2019-08-31,28.629999999999995
973,2019-09-01,46.026666666666685
974,2019-09-02,21.43469387755102
975,2019-09-03,28.357142857142854
976,2019-09-04,41.30204081632652
977,2019-09-05,46.44999999999999
978,2019-09-06,26.224489795918366
979,2019-09-07,37.65833333333334
980,2019-09-08,21.55434782608695
981,2019-09-09,42.346
982,2019-09-10,28.26326530612244
983,2019-09-11,43.0142857142857
984,2019-09-12,39.1413043478261
985,2019-09-13,31.18
986,2019-09-14,49.58431372549018
987,2019-09-15,39.072549019607855
988,2019-09-16,32.8470588235294
989,2019-09-17,32.90800000000001
990,2019-09-18,43.37999999999999
991,2019-09-19,50.636
992,2019-09-20,45.946
993,2019-09-21,50.99591836734695
994,2019-09-22,35.42244897959183
995,2019-09-23,24.506249999999998
996,2019-09-24,28.604081632653056
997,2019-09-25,26.084000000000007
998,2019-09-26,26.13469387755103
999,2019-09-27,25.428571428571423
1000,2019-09-28,19.767999999999997
1001,2019-09-29,15.157142857142858
1002,2019-09-30,31.50000000000001
1003,2019-10-01,62.51702127659575
1004,2019-10-02,30.920408163265307
1005,2019-10-03,23.585714285714282
1006,2019-10-04,29.22653061224489
1007,2019-10-05,44.263829787234044
1008,2019-10-06,35.282978723404256
1009,2019-10-07,37.612244897959194
1010,2019-10-08,11.923404255319149
1011,2019-10-09,45.03529411764707
1012,2019-10-10,25.473469387755095
1013,2019-10-11,40.13061224489797
1014,2019-10-12,34.15333333333334
1015,2019-10-13,27.60204081632652
1016,2019-10-14,43.12765957446807
1017,2019-10-15,37.263829787234044
1018,2019-10-16,42.081250000000004
1019,2019-10-17,44.88958333333333
1020,2019-10-18,29.7469387755102
1021,2019-10-19,39.12448979591837
1022,2019-10-20,32.02244897959184
1023,2019-10-21,31.646938775510204
1024,2019-10-22,52.55000000000002
1025,2019-10-23,56.871428571428574
1026,2019-10-24,48.30416666666667
1027,2019-10-25,29.86041666666667
1028,2019-10-26,22.11666666666666
1029,2019-10-27,41.33333333333332
1030,2019-10-28,47.506249999999994
1031,2019-10-29,44.93695652173914
1032,2019-10-30,46.70888888888887
1033,2019-10-31,48.00212765957447
1034,2019-11-01,57.45744680851063
1035,2019-11-02,59.03333333333334
1036,2019-11-03,31.520408163265305
1037,2019-11-04,40.68260869565217
1038,2019-11-05,39.76250000000001
1039,2019-11-06,28.53617021276596
1040,2019-11-07,34.97551020408164
1041,2019-11-08,16.05744680851064
1042,2019-11-09,24.696000000000005
1043,2019-11-10,24.479591836734695
1044,2019-11-11,37.28125
1045,2019-11-12,48.66304347826087
1046,2019-11-13,46.22599999999999
1047,2019-11-14,52.99199999999999
1048,2019-11-15,35.898
1049,2019-11-16,48.22
1050,2019-11-17,54.058000000000014
1051,2019-11-18,47.569387755102035
1052,2019-11-19,70.62653061224489
1053,2019-11-20,50.315999999999974
1054,2019-11-21,43.62
1055,2019-11-22,46.652
1056,2019-11-23,44.576
1057,2019-11-24,38.288000000000004
1058,2019-11-25,38.92400000000001
1059,2019-11-26,38.11800000000001
1060,2019-11-27,49.07499999999999
1061,2019-11-28,37.673469387755105
1062,2019-11-29,55.62999999999998
1063,2019-11-30,59.30600000000001
1064,2019-12-01,35.38723404255318
1065,2019-12-02,56.16808510638297
1066,2019-12-03,29.355102040816327
1067,2019-12-04,44.96595744680851
1068,2019-12-05,35.24375
1069,2019-12-06,39.321276595744685
1070,2019-12-07,26.048
1071,2019-12-08,38.11489361702129
1072,2019-12-09,24.68431372549019
1073,2019-12-10,42.31020408163264
1074,2019-12-11,36.41836734693878
1075,2019-12-12,44.92978723404255
1076,2019-12-13,33.36808510638298
1077,2019-12-14,30.35106382978723
1078,2019-12-15,22.395744680851077
1079,2019-12-16,54.445652173913054
1080,2019-12-17,59.27391304347826
1081,2019-12-18,49.49574468085107
1082,2019-12-19,27.62244897959184
1083,2019-12-20,46.443749999999994
1084,2019-12-21,30.983333333333334
1085,2019-12-22,31.07708333333333
1086,2019-12-23,36.58125
1087,2019-12-24,26.609999999999996
1088,2019-12-25,36.086000000000006
1089,2019-12-26,29.03799999999999
1090,2019-12-27,40.418000000000006
1091,2019-12-28,37.08600000000001
1092,2019-12-29,31.811999999999994
1093,2019-12-30,41.19200000000001
1094,2019-12-31,40.19
1095,2020-01-01,44.989583333333336
1096,2020-01-02,20.11702127659574
1097,2020-01-03,17.861224489795923
1098,2020-01-04,34.40416666666667
1099,2020-01-05,16.93061224489796
1100,2020-01-06,21.356250000000006
1101,2020-01-07,15.049999999999995
1102,2020-01-08,13.657142857142858
1103,2020-01-13,25.142857142857142
1104,2020-01-14,22.297959183673466
1105,2020-01-15,35.876
1106,2020-01-16,29.651999999999994
1107,2020-01-17,34.902000000000015
1108,2020-01-18,50.719999999999985
1109,2020-01-19,54.645999999999994
1110,2020-01-20,75.10000000000001
1111,2020-01-21,75.21400000000003
1112,2020-01-22,56.61914893617021
1113,2020-01-23,50.96170212765959
1114,2020-01-24,51.20212765957448
1115,2020-01-25,36.28936170212765
1116,2020-01-26,25.58085106382979
1117,2020-01-27,40.5063829787234
1118,2020-01-28,32.5127659574468
1119,2020-01-29,35.43191489361703
1120,2020-01-30,32.6936170212766
1121,2020-01-31,24.09347826086957
1122,2020-02-01,27.629166666666666
1123,2020-02-02,21.427659574468084
1124,2020-02-03,36.195833333333326
1125,2020-02-04,23.151063829787233
1126,2020-02-05,17.762000000000004
1127,2020-02-06,27.224999999999998
1128,2020-02-07,20.816666666666666
1129,2020-02-08,12.81224489795918
1130,2020-02-13,34.383999999999986
1131,2020-02-14,39.01599999999999
1132,2020-02-15,13.502
1133,2020-02-16,14.308
1134,2020-02-17,21.783673469387754
1135,2020-02-18,26.12448979591837
1136,2020-02-19,34.02083333333332
1137,2020-02-20,26.322
1138,2020-02-21,23.159183673469386
1139,2020-02-22,15.263265306122452
1140,2020-02-23,22.410204081632656
1141,2020-02-24,23.316326530612237
1142,2020-02-25,27.012500000000017
1143,2020-02-26,34.543749999999996
1144,2020-02-27,41.56938775510205
1145,2020-02-28,35.724489795918366
1146,2020-02-29,17.370833333333337
1147,2020-03-01,35.74042553191489
1148,2020-03-02,27.77234042553192
1149,2020-03-03,43.755319148936174
1150,2020-03-04,32.24166666666666
1151,2020-03-05,20.625999999999994
1152,2020-03-06,30.10833333333333
1153,2020-03-07,14.410204081632653
1154,2020-03-08,20.96875
1155,2020-03-13,31.19347826086957
1156,2020-03-14,22.153191489361703
1157,2020-03-15,21.927659574468088
1158,2020-03-16,39.942222222222206
1159,2020-03-17,26.35217391304348
1160,2020-03-18,23.751063829787235
1161,2020-03-19,28.74468085106383
1162,2020-03-20,18.225531914893615
1163,2020-03-21,16.877083333333335
1164,2020-03-22,17.916666666666668
1165,2020-03-23,39.400000000000006
1166,2020-03-24,37.278723404255324
1167,2020-03-25,45.52608695652175
1168,2020-03-26,30.853333333333325
1169,2020-03-27,21.269565217391303
1170,2020-03-28,10.928260869565218
1171,2020-03-29,7.768085106382978
1172,2020-03-30,17.58723404255319
1173,2020-03-31,21.316666666666666
1174,2020-04-01,41.28125000000001
1175,2020-04-02,33.34583333333334
1176,2020-04-03,50.94042553191489
1177,2020-04-04,25.89583333333334
1178,2020-04-05,19.470000000000002
1179,2020-04-06,17.41276595744681
1180,2020-04-07,9.436734693877552
1181,2020-04-08,24.180851063829788
1182,2020-04-13,7.795918367346936
1183,2020-04-14,19.587755102040816
1184,2020-04-15,34.91836734693877
1185,2020-04-16,41.60408163265307
1186,2020-04-17,18.183673469387752
1187,2020-04-18,20.253061224489795
1188,2020-04-19,14.967346938775508
1189,2020-04-20,16.84285714285714
1190,2020-04-21,18.312244897959182
1191,2020-04-22,22.8
1192,2020-04-23,30.224000000000004
1193,2020-04-24,29.881999999999998
1194,2020-04-25,17.538
1195,2020-04-26,21.007999999999996
1196,2020-04-27,26.56
1197,2020-04-28,21.03877551020408
1198,2020-04-29,18.084313725490194
1199,2020-04-30,16.286000000000005
1200,2020-05-01,29.295833333333345
1201,2020-05-02,63.354166666666686
1202,2020-05-03,29.629787234042553
1203,2020-05-04,16.535416666666666
1204,2020-05-05,15.062000000000001
1205,2020-05-06,17.20212765957447
1206,2020-05-07,5.808163265306124
1207,2020-05-08,16.35
1208,2020-05-13,15.424000000000008
1209,2020-05-14,17.814000000000004
1210,2020-05-15,28.791999999999994
1211,2020-05-16,24.146
1212,2020-05-17,18.834
1213,2020-05-18,18.134000000000004
1214,2020-05-19,22.123404255319144
1215,2020-05-20,27.556250000000006
1216,2020-05-21,29.500000000000004
1217,2020-05-22,13.434693877551021
1218,2020-05-23,7.985416666666668
1219,2020-05-24,14.535416666666665
1220,2020-05-25,21.022448979591836
1221,2020-05-26,27.920408163265314
1222,2020-05-27,30.414285714285715
1223,2020-05-28,17.581632653061224
1224,2020-05-29,22.414285714285715
1225,2020-05-30,18.169387755102044
1226,2020-05-31,13.881632653061223
1227,2020-06-01,30.34375
1228,2020-06-02,67.22500000000001
1229,2020-06-03,50.337500000000006
1230,2020-06-04,24.21666666666667
1231,2020-06-05,23.871999999999993
1232,2020-06-06,15.856250000000003
1233,2020-06-07,15.916666666666666
1234,2020-06-08,27.226666666666667
1235,2020-06-13,23.073469387755097
1236,2020-06-14,17.844897959183672
1237,2020-06-15,27.291836734693874
1238,2020-06-16,24.33061224489795
1239,2020-06-17,35.24791666666666
1240,2020-06-18,23.551020408163264
1241,2020-06-19,16.275510204081634
1242,2020-06-20,14.672000000000002
1243,2020-06-21,10.778000000000002
1244,2020-06-22,17.068749999999998
1245,2020-06-23,26.17391304347825
1246,2020-06-24,38.346666666666664
1247,2020-06-25,38.75106382978722
1248,2020-06-26,29.83125
1249,2020-06-27,9.946938775510207
1250,2020-06-28,7.817021276595745
1251,2020-06-29,11.184782608695652
1252,2020-06-30,16.339583333333337
1253,2020-07-01,31.842000000000002
1254,2020-07-02,46.12083333333333
1255,2020-07-03,35.66249999999999
1256,2020-07-04,38.43958333333333
1257,2020-07-05,31.635294117647064
1258,2020-07-06,15.722916666666665
1259,2020-07-07,24.738775510204082
1260,2020-07-08,62.071111111111115
1261,2020-07-13,22.924
1262,2020-07-14,20.428571428571427
1263,2020-07-15,21.338775510204076
1264,2020-07-16,19.919999999999995
1265,2020-07-17,24.241999999999997
1266,2020-07-18,16.138
1267,2020-07-19,15.210000000000003
1268,2020-07-20,20.877999999999997
1269,2020-07-21,25.64
1270,2020-07-22,24.478000000000005
1271,2020-07-23,23.081999999999983
1272,2020-07-24,18.646938775510204
1273,2020-07-25,14.459183673469388
1274,2020-07-26,11.44081632653062
1275,2020-07-27,14.775510204081632
1276,2020-07-28,17.176
1277,2020-07-29,25.786000000000005
1278,2020-07-30,34.357142857142854
1279,2020-07-31,38.62978723404257
1280,2020-08-01,38.43877551020409
1281,2020-08-02,26.83673469387756
1282,2020-08-03,17.872916666666665
1283,2020-08-04,43.84791666666666
1284,2020-08-05,32.46078431372548
1285,2020-08-06,17.45744680851064
1286,2020-08-07,18.083673469387755
1287,2020-08-08,40.606666666666655
1288,2020-08-13,27.54347826086957
1289,2020-08-14,24.146808510638305
1290,2020-08-15,24.804255319148943
1291,2020-08-16,26.08478260869565
1292,2020-08-17,27.245454545454546
1293,2020-08-18,17.70227272727273
1294,2020-08-19,22.206521739130434
1295,2020-08-20,20.36888888888889
1296,2020-08-21,11.05111111111111
1297,2020-08-22,11.104255319148935
1298,2020-08-23,10.687234042553195
1299,2020-08-24,19.935555555555553
1300,2020-08-25,12.304545454545455
1301,2020-08-26,19.48409090909091
1302,2020-08-27,27.211363636363636
1303,2020-08-28,21.36739130434782
1304,2020-08-29,12.88695652173913
1305,2020-08-30,13.445652173913047
1306,2020-08-31,29.493478260869555
1307,2020-09-01,25.935999999999993
1308,2020-09-02,9.257142857142856
1309,2020-09-03,27.21276595744681
1310,2020-09-04,40.300000000000004
1311,2020-09-05,32.61176470588235
1312,2020-09-06,24.665306122448982
1313,2020-09-07,14.003921568627456
1314,2020-09-08,18.815555555555555
1315,2020-10-01,41.91224489795919
1316,2020-10-02,20.37708333333333
1317,2020-10-03,18.89787234042553
1318,2020-10-04,32.98749999999999
1319,2020-10-05,12.584000000000001
1320,2020-10-06,24.586000000000002
1321,2020-10-07,19.476470588235294
1322,2020-10-08,34.91777777777778
1323,2020-11-01,19.79591836734694
1324,2020-11-02,23.08541666666667
1325,2020-11-03,22.06382978723405
1326,2020-11-04,38.69999999999999
1327,2020-11-05,10.622
1328,2020-11-06,19.94
1329,2020-11-07,21.96078431372549
1330,2020-11-08,50.66818181818182
1331,2020-12-01,21.716326530612246
1332,2020-12-02,34.585714285714275
1333,2020-12-03,19.428260869565214
1334,2020-12-04,21.783673469387757
1335,2020-12-05,22.696000000000005
1336,2020-12-06,26.182
1337,2020-12-07,23.69411764705882
1338,2020-12-08,47.75777777777778
