,Date,City,Transport mode,Count,Nitrogen Dioxide_ugm-3_LDN,Year,Month,day,CountryName,ConfirmedCases,ConfirmedDeaths,StringencyIndex,StringencyIndexForDisplay
0,2020-03-13,London,Cars,284520.0,31.19347826086957,2020,March,13,United Kingdom,1282.0,9.0,12.96,12.96
1,2020-03-13,London,Motorbikes,493.0,31.19347826086957,2020,March,13,United Kingdom,1282.0,9.0,12.96,12.96
2,2020-03-13,London,Buses,18856.0,31.19347826086957,2020,March,13,United Kingdom,1282.0,9.0,12.96,12.96
3,2020-03-13,London,Trucks,18778.0,31.19347826086957,2020,March,13,United Kingdom,1282.0,9.0,12.96,12.96
4,2020-03-13,London,Vans,39596.0,31.19347826086957,2020,March,13,United Kingdom,1282.0,9.0,12.96,12.96
5,2020-03-13,London,Pedestrians & cyclists,51825.0,31.19347826086957,2020,March,13,United Kingdom,1282.0,9.0,12.96,12.96
6,2020-03-14,London,Cars,311553.0,22.153191489361703,2020,March,14,United Kingdom,1766.0,10.0,12.96,12.96
7,2020-03-14,London,Motorbikes,460.0,22.153191489361703,2020,March,14,United Kingdom,1766.0,10.0,12.96,12.96
8,2020-03-14,London,Buses,18384.0,22.153191489361703,2020,March,14,United Kingdom,1766.0,10.0,12.96,12.96
9,2020-03-14,London,Trucks,18089.0,22.153191489361703,2020,March,14,United Kingdom,1766.0,10.0,12.96,12.96
10,2020-03-14,London,Vans,40331.0,22.153191489361703,2020,March,14,United Kingdom,1766.0,10.0,12.96,12.96
11,2020-03-14,London,Pedestrians & cyclists,45660.0,22.153191489361703,2020,March,14,United Kingdom,1766.0,10.0,12.96,12.96
12,2020-03-15,London,Cars,314612.0,21.927659574468088,2020,March,15,United Kingdom,2244.0,29.0,12.96,12.96
13,2020-03-15,London,Motorbikes,489.0,21.927659574468088,2020,March,15,United Kingdom,2244.0,29.0,12.96,12.96
14,2020-03-15,London,Buses,17932.0,21.927659574468088,2020,March,15,United Kingdom,2244.0,29.0,12.96,12.96
15,2020-03-15,London,Trucks,17394.0,21.927659574468088,2020,March,15,United Kingdom,2244.0,29.0,12.96,12.96
16,2020-03-15,London,Vans,40686.0,21.927659574468088,2020,March,15,United Kingdom,2244.0,29.0,12.96,12.96
17,2020-03-15,London,Pedestrians & cyclists,42493.0,21.927659574468088,2020,March,15,United Kingdom,2244.0,29.0,12.96,12.96
18,2020-03-16,London,Cars,268738.0,39.942222222222206,2020,March,16,United Kingdom,2605.0,43.0,19.44,19.44
19,2020-03-16,London,Motorbikes,522.0,39.942222222222206,2020,March,16,United Kingdom,2605.0,43.0,19.44,19.44
20,2020-03-16,London,Buses,18151.0,39.942222222222206,2020,March,16,United Kingdom,2605.0,43.0,19.44,19.44
21,2020-03-16,London,Trucks,17862.0,39.942222222222206,2020,March,16,United Kingdom,2605.0,43.0,19.44,19.44
22,2020-03-16,London,Vans,38107.0,39.942222222222206,2020,March,16,United Kingdom,2605.0,43.0,19.44,19.44
23,2020-03-16,London,Pedestrians & cyclists,43507.0,39.942222222222206,2020,March,16,United Kingdom,2605.0,43.0,19.44,19.44
24,2020-03-17,London,Cars,279981.0,26.35217391304348,2020,March,17,United Kingdom,3047.0,65.0,22.22,22.22
25,2020-03-17,London,Motorbikes,600.0,26.35217391304348,2020,March,17,United Kingdom,3047.0,65.0,22.22,22.22
26,2020-03-17,London,Buses,19676.0,26.35217391304348,2020,March,17,United Kingdom,3047.0,65.0,22.22,22.22
27,2020-03-17,London,Trucks,19043.0,26.35217391304348,2020,March,17,United Kingdom,3047.0,65.0,22.22,22.22
28,2020-03-17,London,Vans,41940.0,26.35217391304348,2020,March,17,United Kingdom,3047.0,65.0,22.22,22.22
29,2020-03-17,London,Pedestrians & cyclists,51208.0,26.35217391304348,2020,March,17,United Kingdom,3047.0,65.0,22.22,22.22
30,2020-03-18,London,Cars,268476.0,23.751063829787235,2020,March,18,United Kingdom,3658.0,82.0,31.48,31.48
31,2020-03-18,London,Motorbikes,655.0,23.751063829787235,2020,March,18,United Kingdom,3658.0,82.0,31.48,31.48
32,2020-03-18,London,Buses,19474.0,23.751063829787235,2020,March,18,United Kingdom,3658.0,82.0,31.48,31.48
33,2020-03-18,London,Trucks,19174.0,23.751063829787235,2020,March,18,United Kingdom,3658.0,82.0,31.48,31.48
34,2020-03-18,London,Vans,40056.0,23.751063829787235,2020,March,18,United Kingdom,3658.0,82.0,31.48,31.48
35,2020-03-18,London,Pedestrians & cyclists,51012.0,23.751063829787235,2020,March,18,United Kingdom,3658.0,82.0,31.48,31.48
36,2020-03-19,London,Cars,251773.0,28.74468085106383,2020,March,19,United Kingdom,4427.0,116.0,31.48,31.48
37,2020-03-19,London,Motorbikes,482.0,28.74468085106383,2020,March,19,United Kingdom,4427.0,116.0,31.48,31.48
38,2020-03-19,London,Buses,19278.0,28.74468085106383,2020,March,19,United Kingdom,4427.0,116.0,31.48,31.48
39,2020-03-19,London,Trucks,19096.0,28.74468085106383,2020,March,19,United Kingdom,4427.0,116.0,31.48,31.48
40,2020-03-19,London,Vans,38945.0,28.74468085106383,2020,March,19,United Kingdom,4427.0,116.0,31.48,31.48
41,2020-03-19,London,Pedestrians & cyclists,40922.0,28.74468085106383,2020,March,19,United Kingdom,4427.0,116.0,31.48,31.48
42,2020-03-20,London,Cars,244976.0,18.225531914893615,2020,March,20,United Kingdom,5426.0,162.0,37.04,37.04
43,2020-03-20,London,Motorbikes,531.0,18.225531914893615,2020,March,20,United Kingdom,5426.0,162.0,37.04,37.04
44,2020-03-20,London,Buses,18459.0,18.225531914893615,2020,March,20,United Kingdom,5426.0,162.0,37.04,37.04
45,2020-03-20,London,Trucks,16838.0,18.225531914893615,2020,March,20,United Kingdom,5426.0,162.0,37.04,37.04
46,2020-03-20,London,Vans,36152.0,18.225531914893615,2020,March,20,United Kingdom,5426.0,162.0,37.04,37.04
47,2020-03-20,London,Pedestrians & cyclists,41300.0,18.225531914893615,2020,March,20,United Kingdom,5426.0,162.0,37.04,37.04
48,2020-03-21,London,Cars,232519.0,16.877083333333335,2020,March,21,United Kingdom,6481.0,194.0,43.52,43.52
49,2020-03-21,London,Motorbikes,555.0,16.877083333333335,2020,March,21,United Kingdom,6481.0,194.0,43.52,43.52
50,2020-03-21,London,Buses,16867.0,16.877083333333335,2020,March,21,United Kingdom,6481.0,194.0,43.52,43.52
51,2020-03-21,London,Trucks,15298.0,16.877083333333335,2020,March,21,United Kingdom,6481.0,194.0,43.52,43.52
52,2020-03-21,London,Vans,32911.0,16.877083333333335,2020,March,21,United Kingdom,6481.0,194.0,43.52,43.52
53,2020-03-21,London,Pedestrians & cyclists,32856.0,16.877083333333335,2020,March,21,United Kingdom,6481.0,194.0,43.52,43.52
54,2020-03-22,London,Cars,206596.0,17.916666666666668,2020,March,22,United Kingdom,7736.0,252.0,58.33,58.33
55,2020-03-22,London,Motorbikes,488.0,17.916666666666668,2020,March,22,United Kingdom,7736.0,252.0,58.33,58.33
56,2020-03-22,London,Buses,15019.0,17.916666666666668,2020,March,22,United Kingdom,7736.0,252.0,58.33,58.33
57,2020-03-22,London,Trucks,14401.0,17.916666666666668,2020,March,22,United Kingdom,7736.0,252.0,58.33,58.33
58,2020-03-22,London,Vans,29417.0,17.916666666666668,2020,March,22,United Kingdom,7736.0,252.0,58.33,58.33
59,2020-03-22,London,Pedestrians & cyclists,26360.0,17.916666666666668,2020,March,22,United Kingdom,7736.0,252.0,58.33,58.33
60,2020-03-23,London,Cars,201759.0,39.400000000000006,2020,March,23,United Kingdom,8934.0,288.0,74.54,74.54
61,2020-03-23,London,Motorbikes,524.0,39.400000000000006,2020,March,23,United Kingdom,8934.0,288.0,74.54,74.54
62,2020-03-23,London,Buses,15650.0,39.400000000000006,2020,March,23,United Kingdom,8934.0,288.0,74.54,74.54
63,2020-03-23,London,Trucks,14612.0,39.400000000000006,2020,March,23,United Kingdom,8934.0,288.0,74.54,74.54
64,2020-03-23,London,Vans,30270.0,39.400000000000006,2020,March,23,United Kingdom,8934.0,288.0,74.54,74.54
65,2020-03-23,London,Pedestrians & cyclists,28477.0,39.400000000000006,2020,March,23,United Kingdom,8934.0,288.0,74.54,74.54
66,2020-03-24,London,Cars,166428.0,37.278723404255324,2020,March,24,United Kingdom,10312.0,364.0,75.93,75.93
67,2020-03-24,London,Motorbikes,534.0,37.278723404255324,2020,March,24,United Kingdom,10312.0,364.0,75.93,75.93
68,2020-03-24,London,Buses,15415.0,37.278723404255324,2020,March,24,United Kingdom,10312.0,364.0,75.93,75.93
69,2020-03-24,London,Trucks,12913.0,37.278723404255324,2020,March,24,United Kingdom,10312.0,364.0,75.93,75.93
70,2020-03-24,London,Vans,25198.0,37.278723404255324,2020,March,24,United Kingdom,10312.0,364.0,75.93,75.93
71,2020-03-24,London,Pedestrians & cyclists,25469.0,37.278723404255324,2020,March,24,United Kingdom,10312.0,364.0,75.93,75.93
72,2020-03-25,London,Cars,152030.0,45.52608695652175,2020,March,25,United Kingdom,12650.0,512.0,75.93,75.93
73,2020-03-25,London,Motorbikes,497.0,45.52608695652175,2020,March,25,United Kingdom,12650.0,512.0,75.93,75.93
74,2020-03-25,London,Buses,14803.0,45.52608695652175,2020,March,25,United Kingdom,12650.0,512.0,75.93,75.93
75,2020-03-25,London,Trucks,12048.0,45.52608695652175,2020,March,25,United Kingdom,12650.0,512.0,75.93,75.93
76,2020-03-25,London,Vans,22625.0,45.52608695652175,2020,March,25,United Kingdom,12650.0,512.0,75.93,75.93
77,2020-03-25,London,Pedestrians & cyclists,24420.0,45.52608695652175,2020,March,25,United Kingdom,12650.0,512.0,75.93,75.93
78,2020-03-26,London,Cars,221731.0,30.853333333333325,2020,March,26,United Kingdom,15025.0,703.0,75.93,75.93
79,2020-03-26,London,Motorbikes,693.0,30.853333333333325,2020,March,26,United Kingdom,15025.0,703.0,75.93,75.93
80,2020-03-26,London,Buses,14991.0,30.853333333333325,2020,March,26,United Kingdom,15025.0,703.0,75.93,75.93
81,2020-03-26,London,Trucks,12941.0,30.853333333333325,2020,March,26,United Kingdom,15025.0,703.0,75.93,75.93
82,2020-03-26,London,Vans,30595.0,30.853333333333325,2020,March,26,United Kingdom,15025.0,703.0,75.93,75.93
83,2020-03-26,London,Pedestrians & cyclists,34098.0,30.853333333333325,2020,March,26,United Kingdom,15025.0,703.0,75.93,75.93
84,2020-03-27,London,Cars,189639.0,21.269565217391303,2020,March,27,United Kingdom,17717.0,884.0,75.93,75.93
85,2020-03-27,London,Motorbikes,708.0,21.269565217391303,2020,March,27,United Kingdom,17717.0,884.0,75.93,75.93
86,2020-03-27,London,Buses,16285.0,21.269565217391303,2020,March,27,United Kingdom,17717.0,884.0,75.93,75.93
87,2020-03-27,London,Trucks,12792.0,21.269565217391303,2020,March,27,United Kingdom,17717.0,884.0,75.93,75.93
88,2020-03-27,London,Vans,26622.0,21.269565217391303,2020,March,27,United Kingdom,17717.0,884.0,75.93,75.93
89,2020-03-27,London,Pedestrians & cyclists,31550.0,21.269565217391303,2020,March,27,United Kingdom,17717.0,884.0,75.93,75.93
90,2020-03-28,London,Cars,157217.0,10.928260869565218,2020,March,28,United Kingdom,20804.0,1172.0,75.93,75.93
91,2020-03-28,London,Motorbikes,605.0,10.928260869565218,2020,March,28,United Kingdom,20804.0,1172.0,75.93,75.93
92,2020-03-28,London,Buses,16623.0,10.928260869565218,2020,March,28,United Kingdom,20804.0,1172.0,75.93,75.93
93,2020-03-28,London,Trucks,13068.0,10.928260869565218,2020,March,28,United Kingdom,20804.0,1172.0,75.93,75.93
94,2020-03-28,London,Vans,25839.0,10.928260869565218,2020,March,28,United Kingdom,20804.0,1172.0,75.93,75.93
95,2020-03-28,London,Pedestrians & cyclists,28133.0,10.928260869565218,2020,March,28,United Kingdom,20804.0,1172.0,75.93,75.93
96,2020-03-29,London,Cars,163525.0,7.768085106382978,2020,March,29,United Kingdom,24001.0,1464.0,75.93,75.93
97,2020-03-29,London,Motorbikes,569.0,7.768085106382978,2020,March,29,United Kingdom,24001.0,1464.0,75.93,75.93
98,2020-03-29,London,Buses,16130.0,7.768085106382978,2020,March,29,United Kingdom,24001.0,1464.0,75.93,75.93
99,2020-03-29,London,Trucks,14428.0,7.768085106382978,2020,March,29,United Kingdom,24001.0,1464.0,75.93,75.93
100,2020-03-29,London,Vans,28041.0,7.768085106382978,2020,March,29,United Kingdom,24001.0,1464.0,75.93,75.93
101,2020-03-29,London,Pedestrians & cyclists,24867.0,7.768085106382978,2020,March,29,United Kingdom,24001.0,1464.0,75.93,75.93
102,2020-03-30,London,Cars,170418.0,17.58723404255319,2020,March,30,United Kingdom,26823.0,1676.0,75.93,75.93
103,2020-03-30,London,Motorbikes,607.0,17.58723404255319,2020,March,30,United Kingdom,26823.0,1676.0,75.93,75.93
104,2020-03-30,London,Buses,16080.0,17.58723404255319,2020,March,30,United Kingdom,26823.0,1676.0,75.93,75.93
105,2020-03-30,London,Trucks,11770.0,17.58723404255319,2020,March,30,United Kingdom,26823.0,1676.0,75.93,75.93
106,2020-03-30,London,Vans,24282.0,17.58723404255319,2020,March,30,United Kingdom,26823.0,1676.0,75.93,75.93
107,2020-03-30,London,Pedestrians & cyclists,30557.0,17.58723404255319,2020,March,30,United Kingdom,26823.0,1676.0,75.93,75.93
108,2020-03-31,London,Cars,170020.0,21.316666666666666,2020,March,31,United Kingdom,29681.0,2050.0,75.93,75.93
109,2020-03-31,London,Motorbikes,723.0,21.316666666666666,2020,March,31,United Kingdom,29681.0,2050.0,75.93,75.93
110,2020-03-31,London,Buses,15228.0,21.316666666666666,2020,March,31,United Kingdom,29681.0,2050.0,75.93,75.93
111,2020-03-31,London,Trucks,11437.0,21.316666666666666,2020,March,31,United Kingdom,29681.0,2050.0,75.93,75.93
112,2020-03-31,London,Vans,24546.0,21.316666666666666,2020,March,31,United Kingdom,29681.0,2050.0,75.93,75.93
113,2020-03-31,London,Pedestrians & cyclists,31881.0,21.316666666666666,2020,March,31,United Kingdom,29681.0,2050.0,75.93,75.93
114,2020-04-01,London,Cars,142106.0,41.28125000000001,2020,April,1,United Kingdom,33954.0,2453.0,75.93,75.93
115,2020-04-01,London,Motorbikes,624.0,41.28125000000001,2020,April,1,United Kingdom,33954.0,2453.0,75.93,75.93
116,2020-04-01,London,Buses,14976.0,41.28125000000001,2020,April,1,United Kingdom,33954.0,2453.0,75.93,75.93
117,2020-04-01,London,Trucks,10557.0,41.28125000000001,2020,April,1,United Kingdom,33954.0,2453.0,75.93,75.93
118,2020-04-01,London,Vans,21198.0,41.28125000000001,2020,April,1,United Kingdom,33954.0,2453.0,75.93,75.93
119,2020-04-01,London,Pedestrians & cyclists,29728.0,41.28125000000001,2020,April,1,United Kingdom,33954.0,2453.0,75.93,75.93
120,2020-04-02,London,Cars,146075.0,33.34583333333334,2020,April,2,United Kingdom,38468.0,3125.0,75.93,75.93
121,2020-04-02,London,Motorbikes,676.0,33.34583333333334,2020,April,2,United Kingdom,38468.0,3125.0,75.93,75.93
122,2020-04-02,London,Buses,15065.0,33.34583333333334,2020,April,2,United Kingdom,38468.0,3125.0,75.93,75.93
123,2020-04-02,London,Trucks,10194.0,33.34583333333334,2020,April,2,United Kingdom,38468.0,3125.0,75.93,75.93
124,2020-04-02,London,Vans,21887.0,33.34583333333334,2020,April,2,United Kingdom,38468.0,3125.0,75.93,75.93
125,2020-04-02,London,Pedestrians & cyclists,30650.0,33.34583333333334,2020,April,2,United Kingdom,38468.0,3125.0,75.93,75.93
126,2020-04-03,London,Cars,148169.0,50.94042553191489,2020,April,3,United Kingdom,43381.0,3782.0,75.93,75.93
127,2020-04-03,London,Motorbikes,636.0,50.94042553191489,2020,April,3,United Kingdom,43381.0,3782.0,75.93,75.93
128,2020-04-03,London,Buses,14818.0,50.94042553191489,2020,April,3,United Kingdom,43381.0,3782.0,75.93,75.93
129,2020-04-03,London,Trucks,10432.0,50.94042553191489,2020,April,3,United Kingdom,43381.0,3782.0,75.93,75.93
130,2020-04-03,London,Vans,21868.0,50.94042553191489,2020,April,3,United Kingdom,43381.0,3782.0,75.93,75.93
131,2020-04-03,London,Pedestrians & cyclists,30856.0,50.94042553191489,2020,April,3,United Kingdom,43381.0,3782.0,75.93,75.93
132,2020-04-04,London,Cars,136575.0,25.89583333333334,2020,April,4,United Kingdom,48249.0,4518.0,75.93,75.93
133,2020-04-04,London,Motorbikes,583.0,25.89583333333334,2020,April,4,United Kingdom,48249.0,4518.0,75.93,75.93
134,2020-04-04,London,Buses,13188.0,25.89583333333334,2020,April,4,United Kingdom,48249.0,4518.0,75.93,75.93
135,2020-04-04,London,Trucks,10946.0,25.89583333333334,2020,April,4,United Kingdom,48249.0,4518.0,75.93,75.93
136,2020-04-04,London,Vans,21824.0,25.89583333333334,2020,April,4,United Kingdom,48249.0,4518.0,75.93,75.93
137,2020-04-04,London,Pedestrians & cyclists,24678.0,25.89583333333334,2020,April,4,United Kingdom,48249.0,4518.0,75.93,75.93
138,2020-04-05,London,Cars,135638.0,19.470000000000002,2020,April,5,United Kingdom,53160.0,5274.0,75.93,75.93
139,2020-04-05,London,Motorbikes,535.0,19.470000000000002,2020,April,5,United Kingdom,53160.0,5274.0,75.93,75.93
140,2020-04-05,London,Buses,13569.0,19.470000000000002,2020,April,5,United Kingdom,53160.0,5274.0,75.93,75.93
141,2020-04-05,London,Trucks,11558.0,19.470000000000002,2020,April,5,United Kingdom,53160.0,5274.0,75.93,75.93
142,2020-04-05,London,Vans,22354.0,19.470000000000002,2020,April,5,United Kingdom,53160.0,5274.0,75.93,75.93
143,2020-04-05,London,Pedestrians & cyclists,23633.0,19.470000000000002,2020,April,5,United Kingdom,53160.0,5274.0,75.93,75.93
144,2020-04-06,London,Cars,156366.0,17.41276595744681,2020,April,6,United Kingdom,57180.0,5873.0,75.93,75.93
145,2020-04-06,London,Motorbikes,691.0,17.41276595744681,2020,April,6,United Kingdom,57180.0,5873.0,75.93,75.93
146,2020-04-06,London,Buses,14604.0,17.41276595744681,2020,April,6,United Kingdom,57180.0,5873.0,75.93,75.93
147,2020-04-06,London,Trucks,10855.0,17.41276595744681,2020,April,6,United Kingdom,57180.0,5873.0,75.93,75.93
148,2020-04-06,London,Vans,22816.0,17.41276595744681,2020,April,6,United Kingdom,57180.0,5873.0,75.93,75.93
149,2020-04-06,London,Pedestrians & cyclists,28774.0,17.41276595744681,2020,April,6,United Kingdom,57180.0,5873.0,75.93,75.93
150,2020-04-07,London,Cars,145932.0,9.436734693877552,2020,April,7,United Kingdom,60772.0,6440.0,75.93,75.93
151,2020-04-07,London,Motorbikes,589.0,9.436734693877552,2020,April,7,United Kingdom,60772.0,6440.0,75.93,75.93
152,2020-04-07,London,Buses,13327.0,9.436734693877552,2020,April,7,United Kingdom,60772.0,6440.0,75.93,75.93
153,2020-04-07,London,Trucks,10417.0,9.436734693877552,2020,April,7,United Kingdom,60772.0,6440.0,75.93,75.93
154,2020-04-07,London,Vans,21743.0,9.436734693877552,2020,April,7,United Kingdom,60772.0,6440.0,75.93,75.93
155,2020-04-07,London,Pedestrians & cyclists,26980.0,9.436734693877552,2020,April,7,United Kingdom,60772.0,6440.0,75.93,75.93
156,2020-04-08,London,Cars,152865.0,24.180851063829788,2020,April,8,United Kingdom,66054.0,7545.0,75.93,75.93
157,2020-04-08,London,Motorbikes,720.0,24.180851063829788,2020,April,8,United Kingdom,66054.0,7545.0,75.93,75.93
158,2020-04-08,London,Buses,13987.0,24.180851063829788,2020,April,8,United Kingdom,66054.0,7545.0,75.93,75.93
159,2020-04-08,London,Trucks,11135.0,24.180851063829788,2020,April,8,United Kingdom,66054.0,7545.0,75.93,75.93
160,2020-04-08,London,Vans,22584.0,24.180851063829788,2020,April,8,United Kingdom,66054.0,7545.0,75.93,75.93
161,2020-04-08,London,Pedestrians & cyclists,31627.0,24.180851063829788,2020,April,8,United Kingdom,66054.0,7545.0,75.93,75.93
162,2020-04-13,London,Cars,117934.0,7.795918367346936,2020,April,13,United Kingdom,89385.0,12313.0,75.93,75.93
163,2020-04-13,London,Motorbikes,562.0,7.795918367346936,2020,April,13,United Kingdom,89385.0,12313.0,75.93,75.93
164,2020-04-13,London,Buses,12223.0,7.795918367346936,2020,April,13,United Kingdom,89385.0,12313.0,75.93,75.93
165,2020-04-13,London,Trucks,6416.0,7.795918367346936,2020,April,13,United Kingdom,89385.0,12313.0,75.93,75.93
166,2020-04-13,London,Vans,10315.0,7.795918367346936,2020,April,13,United Kingdom,89385.0,12313.0,75.93,75.93
167,2020-04-13,London,Pedestrians & cyclists,23705.0,7.795918367346936,2020,April,13,United Kingdom,89385.0,12313.0,75.93,75.93
168,2020-04-14,London,Cars,152438.0,19.587755102040816,2020,April,14,United Kingdom,92874.0,13037.0,75.93,75.93
169,2020-04-14,London,Motorbikes,541.0,19.587755102040816,2020,April,14,United Kingdom,92874.0,13037.0,75.93,75.93
170,2020-04-14,London,Buses,13178.0,19.587755102040816,2020,April,14,United Kingdom,92874.0,13037.0,75.93,75.93
171,2020-04-14,London,Trucks,10483.0,19.587755102040816,2020,April,14,United Kingdom,92874.0,13037.0,75.93,75.93
172,2020-04-14,London,Vans,22581.0,19.587755102040816,2020,April,14,United Kingdom,92874.0,13037.0,75.93,75.93
173,2020-04-14,London,Pedestrians & cyclists,26068.0,19.587755102040816,2020,April,14,United Kingdom,92874.0,13037.0,75.93,75.93
174,2020-04-15,London,Cars,145297.0,34.91836734693877,2020,April,15,United Kingdom,97052.0,14113.0,75.93,75.93
175,2020-04-15,London,Motorbikes,566.0,34.91836734693877,2020,April,15,United Kingdom,97052.0,14113.0,75.93,75.93
176,2020-04-15,London,Buses,12438.0,34.91836734693877,2020,April,15,United Kingdom,97052.0,14113.0,75.93,75.93
177,2020-04-15,London,Trucks,10437.0,34.91836734693877,2020,April,15,United Kingdom,97052.0,14113.0,75.93,75.93
178,2020-04-15,London,Vans,21437.0,34.91836734693877,2020,April,15,United Kingdom,97052.0,14113.0,75.93,75.93
179,2020-04-15,London,Pedestrians & cyclists,25243.0,34.91836734693877,2020,April,15,United Kingdom,97052.0,14113.0,75.93,75.93
180,2020-04-16,London,Cars,147434.0,41.60408163265307,2020,April,16,United Kingdom,101378.0,14993.0,75.93,75.93
181,2020-04-16,London,Motorbikes,769.0,41.60408163265307,2020,April,16,United Kingdom,101378.0,14993.0,75.93,75.93
182,2020-04-16,London,Buses,13338.0,41.60408163265307,2020,April,16,United Kingdom,101378.0,14993.0,75.93,75.93
183,2020-04-16,London,Trucks,10569.0,41.60408163265307,2020,April,16,United Kingdom,101378.0,14993.0,75.93,75.93
184,2020-04-16,London,Vans,22820.0,41.60408163265307,2020,April,16,United Kingdom,101378.0,14993.0,75.93,75.93
185,2020-04-16,London,Pedestrians & cyclists,30501.0,41.60408163265307,2020,April,16,United Kingdom,101378.0,14993.0,75.93,75.93
186,2020-04-17,London,Cars,157070.0,18.183673469387752,2020,April,17,United Kingdom,106443.0,16029.0,75.93,75.93
187,2020-04-17,London,Motorbikes,674.0,18.183673469387752,2020,April,17,United Kingdom,106443.0,16029.0,75.93,75.93
188,2020-04-17,London,Buses,13670.0,18.183673469387752,2020,April,17,United Kingdom,106443.0,16029.0,75.93,75.93
189,2020-04-17,London,Trucks,10863.0,18.183673469387752,2020,April,17,United Kingdom,106443.0,16029.0,75.93,75.93
190,2020-04-17,London,Vans,23301.0,18.183673469387752,2020,April,17,United Kingdom,106443.0,16029.0,75.93,75.93
191,2020-04-17,London,Pedestrians & cyclists,26956.0,18.183673469387752,2020,April,17,United Kingdom,106443.0,16029.0,75.93,75.93
192,2020-04-18,London,Cars,148791.0,20.253061224489795,2020,April,18,United Kingdom,111735.0,16942.0,75.93,75.93
193,2020-04-18,London,Motorbikes,737.0,20.253061224489795,2020,April,18,United Kingdom,111735.0,16942.0,75.93,75.93
194,2020-04-18,London,Buses,14235.0,20.253061224489795,2020,April,18,United Kingdom,111735.0,16942.0,75.93,75.93
195,2020-04-18,London,Trucks,11188.0,20.253061224489795,2020,April,18,United Kingdom,111735.0,16942.0,75.93,75.93
196,2020-04-18,London,Vans,24532.0,20.253061224489795,2020,April,18,United Kingdom,111735.0,16942.0,75.93,75.93
197,2020-04-18,London,Pedestrians & cyclists,32110.0,20.253061224489795,2020,April,18,United Kingdom,111735.0,16942.0,75.93,75.93
198,2020-04-19,London,Cars,148146.0,14.967346938775508,2020,April,19,United Kingdom,116691.0,18047.0,75.93,75.93
199,2020-04-19,London,Motorbikes,572.0,14.967346938775508,2020,April,19,United Kingdom,116691.0,18047.0,75.93,75.93
200,2020-04-19,London,Buses,13018.0,14.967346938775508,2020,April,19,United Kingdom,116691.0,18047.0,75.93,75.93
201,2020-04-19,London,Trucks,11608.0,14.967346938775508,2020,April,19,United Kingdom,116691.0,18047.0,75.93,75.93
202,2020-04-19,London,Vans,23026.0,14.967346938775508,2020,April,19,United Kingdom,116691.0,18047.0,75.93,75.93
203,2020-04-19,London,Pedestrians & cyclists,25848.0,14.967346938775508,2020,April,19,United Kingdom,116691.0,18047.0,75.93,75.93
204,2020-04-20,London,Cars,156995.0,16.84285714285714,2020,April,20,United Kingdom,121412.0,18479.0,75.93,75.93
205,2020-04-20,London,Motorbikes,581.0,16.84285714285714,2020,April,20,United Kingdom,121412.0,18479.0,75.93,75.93
206,2020-04-20,London,Buses,12223.0,16.84285714285714,2020,April,20,United Kingdom,121412.0,18479.0,75.93,75.93
207,2020-04-20,London,Trucks,10540.0,16.84285714285714,2020,April,20,United Kingdom,121412.0,18479.0,75.93,75.93
208,2020-04-20,London,Vans,22150.0,16.84285714285714,2020,April,20,United Kingdom,121412.0,18479.0,75.93,75.93
209,2020-04-20,London,Pedestrians & cyclists,24599.0,16.84285714285714,2020,April,20,United Kingdom,121412.0,18479.0,75.93,75.93
210,2020-04-21,London,Cars,158548.0,18.312244897959182,2020,April,21,United Kingdom,125265.0,19049.0,75.93,75.93
211,2020-04-21,London,Motorbikes,581.0,18.312244897959182,2020,April,21,United Kingdom,125265.0,19049.0,75.93,75.93
212,2020-04-21,London,Buses,12159.0,18.312244897959182,2020,April,21,United Kingdom,125265.0,19049.0,75.93,75.93
213,2020-04-21,London,Trucks,10610.0,18.312244897959182,2020,April,21,United Kingdom,125265.0,19049.0,75.93,75.93
214,2020-04-21,London,Vans,22988.0,18.312244897959182,2020,April,21,United Kingdom,125265.0,19049.0,75.93,75.93
215,2020-04-21,London,Pedestrians & cyclists,25224.0,18.312244897959182,2020,April,21,United Kingdom,125265.0,19049.0,75.93,75.93
216,2020-04-22,London,Cars,157265.0,22.8,2020,April,22,United Kingdom,130119.0,20273.0,75.93,75.93
217,2020-04-22,London,Motorbikes,588.0,22.8,2020,April,22,United Kingdom,130119.0,20273.0,75.93,75.93
218,2020-04-22,London,Buses,12155.0,22.8,2020,April,22,United Kingdom,130119.0,20273.0,75.93,75.93
219,2020-04-22,London,Trucks,10768.0,22.8,2020,April,22,United Kingdom,130119.0,20273.0,75.93,75.93
220,2020-04-22,London,Vans,22094.0,22.8,2020,April,22,United Kingdom,130119.0,20273.0,75.93,75.93
221,2020-04-22,London,Pedestrians & cyclists,24676.0,22.8,2020,April,22,United Kingdom,130119.0,20273.0,75.93,75.93
222,2020-04-23,London,Cars,158195.0,30.224000000000004,2020,April,23,United Kingdom,134879.0,21120.0,75.93,75.93
223,2020-04-23,London,Motorbikes,690.0,30.224000000000004,2020,April,23,United Kingdom,134879.0,21120.0,75.93,75.93
224,2020-04-23,London,Buses,12430.0,30.224000000000004,2020,April,23,United Kingdom,134879.0,21120.0,75.93,75.93
225,2020-04-23,London,Trucks,10676.0,30.224000000000004,2020,April,23,United Kingdom,134879.0,21120.0,75.93,75.93
226,2020-04-23,London,Vans,22757.0,30.224000000000004,2020,April,23,United Kingdom,134879.0,21120.0,75.93,75.93
227,2020-04-23,London,Pedestrians & cyclists,27415.0,30.224000000000004,2020,April,23,United Kingdom,134879.0,21120.0,75.93,75.93
228,2020-04-24,London,Cars,163781.0,29.881999999999998,2020,April,24,United Kingdom,140366.0,21802.0,75.93,75.93
229,2020-04-24,London,Motorbikes,624.0,29.881999999999998,2020,April,24,United Kingdom,140366.0,21802.0,75.93,75.93
230,2020-04-24,London,Buses,12654.0,29.881999999999998,2020,April,24,United Kingdom,140366.0,21802.0,75.93,75.93
231,2020-04-24,London,Trucks,10941.0,29.881999999999998,2020,April,24,United Kingdom,140366.0,21802.0,75.93,75.93
232,2020-04-24,London,Vans,23438.0,29.881999999999998,2020,April,24,United Kingdom,140366.0,21802.0,75.93,75.93
233,2020-04-24,London,Pedestrians & cyclists,26761.0,29.881999999999998,2020,April,24,United Kingdom,140366.0,21802.0,75.93,75.93
234,2020-04-25,London,Cars,155769.0,17.538,2020,April,25,United Kingdom,145524.0,22812.0,75.93,75.93
235,2020-04-25,London,Motorbikes,639.0,17.538,2020,April,25,United Kingdom,145524.0,22812.0,75.93,75.93
236,2020-04-25,London,Buses,12754.0,17.538,2020,April,25,United Kingdom,145524.0,22812.0,75.93,75.93
237,2020-04-25,London,Trucks,11461.0,17.538,2020,April,25,United Kingdom,145524.0,22812.0,75.93,75.93
238,2020-04-25,London,Vans,24283.0,17.538,2020,April,25,United Kingdom,145524.0,22812.0,75.93,75.93
239,2020-04-25,London,Pedestrians & cyclists,26922.0,17.538,2020,April,25,United Kingdom,145524.0,22812.0,75.93,75.93
240,2020-04-26,London,Cars,157878.0,21.007999999999996,2020,April,26,United Kingdom,150494.0,23627.0,75.93,75.93
241,2020-04-26,London,Motorbikes,613.0,21.007999999999996,2020,April,26,United Kingdom,150494.0,23627.0,75.93,75.93
242,2020-04-26,London,Buses,12936.0,21.007999999999996,2020,April,26,United Kingdom,150494.0,23627.0,75.93,75.93
243,2020-04-26,London,Trucks,11475.0,21.007999999999996,2020,April,26,United Kingdom,150494.0,23627.0,75.93,75.93
244,2020-04-26,London,Vans,24144.0,21.007999999999996,2020,April,26,United Kingdom,150494.0,23627.0,75.93,75.93
245,2020-04-26,London,Pedestrians & cyclists,28818.0,21.007999999999996,2020,April,26,United Kingdom,150494.0,23627.0,75.93,75.93
246,2020-04-27,London,Cars,173009.0,26.56,2020,April,27,United Kingdom,154242.0,23991.0,75.93,75.93
247,2020-04-27,London,Motorbikes,787.0,26.56,2020,April,27,United Kingdom,154242.0,23991.0,75.93,75.93
248,2020-04-27,London,Buses,13913.0,26.56,2020,April,27,United Kingdom,154242.0,23991.0,75.93,75.93
249,2020-04-27,London,Trucks,11505.0,26.56,2020,April,27,United Kingdom,154242.0,23991.0,75.93,75.93
250,2020-04-27,London,Vans,26822.0,26.56,2020,April,27,United Kingdom,154242.0,23991.0,75.93,75.93
251,2020-04-27,London,Pedestrians & cyclists,34553.0,26.56,2020,April,27,United Kingdom,154242.0,23991.0,75.93,75.93
252,2020-04-28,London,Cars,152605.0,21.03877551020408,2020,April,28,United Kingdom,157715.0,24311.0,75.93,75.93
253,2020-04-28,London,Motorbikes,381.0,21.03877551020408,2020,April,28,United Kingdom,157715.0,24311.0,75.93,75.93
254,2020-04-28,London,Buses,13470.0,21.03877551020408,2020,April,28,United Kingdom,157715.0,24311.0,75.93,75.93
255,2020-04-28,London,Trucks,12022.0,21.03877551020408,2020,April,28,United Kingdom,157715.0,24311.0,75.93,75.93
256,2020-04-28,London,Vans,24182.0,21.03877551020408,2020,April,28,United Kingdom,157715.0,24311.0,75.93,75.93
257,2020-04-28,London,Pedestrians & cyclists,16172.0,21.03877551020408,2020,April,28,United Kingdom,157715.0,24311.0,75.93,75.93
258,2020-04-29,London,Cars,170475.0,18.084313725490194,2020,April,29,United Kingdom,162421.0,25280.0,75.93,75.93
259,2020-04-29,London,Motorbikes,631.0,18.084313725490194,2020,April,29,United Kingdom,162421.0,25280.0,75.93,75.93
260,2020-04-29,London,Buses,13527.0,18.084313725490194,2020,April,29,United Kingdom,162421.0,25280.0,75.93,75.93
261,2020-04-29,London,Trucks,11663.0,18.084313725490194,2020,April,29,United Kingdom,162421.0,25280.0,75.93,75.93
262,2020-04-29,London,Vans,26189.0,18.084313725490194,2020,April,29,United Kingdom,162421.0,25280.0,75.93,75.93
263,2020-04-29,London,Pedestrians & cyclists,28616.0,18.084313725490194,2020,April,29,United Kingdom,162421.0,25280.0,75.93,75.93
264,2020-04-30,London,Cars,168001.0,16.286000000000005,2020,April,30,United Kingdom,167150.0,26049.0,75.93,75.93
265,2020-04-30,London,Motorbikes,535.0,16.286000000000005,2020,April,30,United Kingdom,167150.0,26049.0,75.93,75.93
266,2020-04-30,London,Buses,13392.0,16.286000000000005,2020,April,30,United Kingdom,167150.0,26049.0,75.93,75.93
267,2020-04-30,London,Trucks,11650.0,16.286000000000005,2020,April,30,United Kingdom,167150.0,26049.0,75.93,75.93
268,2020-04-30,London,Vans,26228.0,16.286000000000005,2020,April,30,United Kingdom,167150.0,26049.0,75.93,75.93
269,2020-04-30,London,Pedestrians & cyclists,24215.0,16.286000000000005,2020,April,30,United Kingdom,167150.0,26049.0,75.93,75.93
270,2020-05-01,London,Cars,184457.0,29.295833333333345,2020,May,1,United Kingdom,172592.0,26683.0,75.93,75.93
271,2020-05-01,London,Motorbikes,634.0,29.295833333333345,2020,May,1,United Kingdom,172592.0,26683.0,75.93,75.93
272,2020-05-01,London,Buses,13621.0,29.295833333333345,2020,May,1,United Kingdom,172592.0,26683.0,75.93,75.93
273,2020-05-01,London,Trucks,11562.0,29.295833333333345,2020,May,1,United Kingdom,172592.0,26683.0,75.93,75.93
274,2020-05-01,London,Vans,26083.0,29.295833333333345,2020,May,1,United Kingdom,172592.0,26683.0,75.93,75.93
275,2020-05-01,London,Pedestrians & cyclists,27899.0,29.295833333333345,2020,May,1,United Kingdom,172592.0,26683.0,75.93,75.93
276,2020-05-02,London,Cars,176454.0,63.354166666666686,2020,May,2,United Kingdom,177558.0,27381.0,75.93,75.93
277,2020-05-02,London,Motorbikes,725.0,63.354166666666686,2020,May,2,United Kingdom,177558.0,27381.0,75.93,75.93
278,2020-05-02,London,Buses,13166.0,63.354166666666686,2020,May,2,United Kingdom,177558.0,27381.0,75.93,75.93
279,2020-05-02,London,Trucks,11556.0,63.354166666666686,2020,May,2,United Kingdom,177558.0,27381.0,75.93,75.93
280,2020-05-02,London,Vans,25682.0,63.354166666666686,2020,May,2,United Kingdom,177558.0,27381.0,75.93,75.93
281,2020-05-02,London,Pedestrians & cyclists,33178.0,63.354166666666686,2020,May,2,United Kingdom,177558.0,27381.0,75.93,75.93
282,2020-05-03,London,Cars,169590.0,29.629787234042553,2020,May,3,United Kingdom,182295.0,27965.0,75.93,75.93
283,2020-05-03,London,Motorbikes,803.0,29.629787234042553,2020,May,3,United Kingdom,182295.0,27965.0,75.93,75.93
284,2020-05-03,London,Buses,14767.0,29.629787234042553,2020,May,3,United Kingdom,182295.0,27965.0,75.93,75.93
285,2020-05-03,London,Trucks,11739.0,29.629787234042553,2020,May,3,United Kingdom,182295.0,27965.0,75.93,75.93
286,2020-05-03,London,Vans,27412.0,29.629787234042553,2020,May,3,United Kingdom,182295.0,27965.0,75.93,75.93
287,2020-05-03,London,Pedestrians & cyclists,36284.0,29.629787234042553,2020,May,3,United Kingdom,182295.0,27965.0,75.93,75.93
288,2020-05-04,London,Cars,184855.0,16.535416666666666,2020,May,4,United Kingdom,185524.0,28218.0,75.93,75.93
289,2020-05-04,London,Motorbikes,688.0,16.535416666666666,2020,May,4,United Kingdom,185524.0,28218.0,75.93,75.93
290,2020-05-04,London,Buses,13227.0,16.535416666666666,2020,May,4,United Kingdom,185524.0,28218.0,75.93,75.93
291,2020-05-04,London,Trucks,11804.0,16.535416666666666,2020,May,4,United Kingdom,185524.0,28218.0,75.93,75.93
292,2020-05-04,London,Vans,27218.0,16.535416666666666,2020,May,4,United Kingdom,185524.0,28218.0,75.93,75.93
293,2020-05-04,London,Pedestrians & cyclists,32413.0,16.535416666666666,2020,May,4,United Kingdom,185524.0,28218.0,75.93,75.93
294,2020-05-05,London,Cars,181918.0,15.062000000000001,2020,May,5,United Kingdom,188506.0,28490.0,75.93,75.93
295,2020-05-05,London,Motorbikes,619.0,15.062000000000001,2020,May,5,United Kingdom,188506.0,28490.0,75.93,75.93
296,2020-05-05,London,Buses,12960.0,15.062000000000001,2020,May,5,United Kingdom,188506.0,28490.0,75.93,75.93
297,2020-05-05,London,Trucks,11890.0,15.062000000000001,2020,May,5,United Kingdom,188506.0,28490.0,75.93,75.93
298,2020-05-05,London,Vans,27238.0,15.062000000000001,2020,May,5,United Kingdom,188506.0,28490.0,75.93,75.93
299,2020-05-05,London,Pedestrians & cyclists,27767.0,15.062000000000001,2020,May,5,United Kingdom,188506.0,28490.0,75.93,75.93
300,2020-05-06,London,Cars,173350.0,17.20212765957447,2020,May,6,United Kingdom,191895.0,29216.0,75.93,75.93
301,2020-05-06,London,Motorbikes,578.0,17.20212765957447,2020,May,6,United Kingdom,191895.0,29216.0,75.93,75.93
302,2020-05-06,London,Buses,12311.0,17.20212765957447,2020,May,6,United Kingdom,191895.0,29216.0,75.93,75.93
303,2020-05-06,London,Trucks,11499.0,17.20212765957447,2020,May,6,United Kingdom,191895.0,29216.0,75.93,75.93
304,2020-05-06,London,Vans,25052.0,17.20212765957447,2020,May,6,United Kingdom,191895.0,29216.0,75.93,75.93
305,2020-05-06,London,Pedestrians & cyclists,26523.0,17.20212765957447,2020,May,6,United Kingdom,191895.0,29216.0,75.93,75.93
306,2020-05-07,London,Cars,187516.0,5.808163265306124,2020,May,7,United Kingdom,195577.0,29863.0,75.93,75.93
307,2020-05-07,London,Motorbikes,684.0,5.808163265306124,2020,May,7,United Kingdom,195577.0,29863.0,75.93,75.93
308,2020-05-07,London,Buses,12873.0,5.808163265306124,2020,May,7,United Kingdom,195577.0,29863.0,75.93,75.93
309,2020-05-07,London,Trucks,12018.0,5.808163265306124,2020,May,7,United Kingdom,195577.0,29863.0,75.93,75.93
310,2020-05-07,London,Vans,27097.0,5.808163265306124,2020,May,7,United Kingdom,195577.0,29863.0,75.93,75.93
311,2020-05-07,London,Pedestrians & cyclists,31607.0,5.808163265306124,2020,May,7,United Kingdom,195577.0,29863.0,75.93,75.93
312,2020-05-08,London,Cars,156322.0,16.35,2020,May,8,United Kingdom,199404.0,30321.0,75.93,75.93
313,2020-05-08,London,Motorbikes,734.0,16.35,2020,May,8,United Kingdom,199404.0,30321.0,75.93,75.93
314,2020-05-08,London,Buses,11638.0,16.35,2020,May,8,United Kingdom,199404.0,30321.0,75.93,75.93
315,2020-05-08,London,Trucks,7378.0,16.35,2020,May,8,United Kingdom,199404.0,30321.0,75.93,75.93
316,2020-05-08,London,Vans,14839.0,16.35,2020,May,8,United Kingdom,199404.0,30321.0,75.93,75.93
317,2020-05-08,London,Pedestrians & cyclists,30777.0,16.35,2020,May,8,United Kingdom,199404.0,30321.0,75.93,75.93
318,2020-05-13,London,Cars,205638.0,15.424000000000008,2020,May,13,United Kingdom,214306.0,32193.0,69.44,69.44
319,2020-05-13,London,Motorbikes,755.0,15.424000000000008,2020,May,13,United Kingdom,214306.0,32193.0,69.44,69.44
320,2020-05-13,London,Buses,13887.0,15.424000000000008,2020,May,13,United Kingdom,214306.0,32193.0,69.44,69.44
321,2020-05-13,London,Trucks,13054.0,15.424000000000008,2020,May,13,United Kingdom,214306.0,32193.0,69.44,69.44
322,2020-05-13,London,Vans,31607.0,15.424000000000008,2020,May,13,United Kingdom,214306.0,32193.0,69.44,69.44
323,2020-05-13,London,Pedestrians & cyclists,35303.0,15.424000000000008,2020,May,13,United Kingdom,214306.0,32193.0,69.44,69.44
324,2020-05-14,London,Cars,196384.0,17.814000000000004,2020,May,14,United Kingdom,217708.0,32640.0,69.44,69.44
325,2020-05-14,London,Motorbikes,653.0,17.814000000000004,2020,May,14,United Kingdom,217708.0,32640.0,69.44,69.44
326,2020-05-14,London,Buses,13076.0,17.814000000000004,2020,May,14,United Kingdom,217708.0,32640.0,69.44,69.44
327,2020-05-14,London,Trucks,12531.0,17.814000000000004,2020,May,14,United Kingdom,217708.0,32640.0,69.44,69.44
328,2020-05-14,London,Vans,29167.0,17.814000000000004,2020,May,14,United Kingdom,217708.0,32640.0,69.44,69.44
329,2020-05-14,London,Pedestrians & cyclists,31712.0,17.814000000000004,2020,May,14,United Kingdom,217708.0,32640.0,69.44,69.44
330,2020-05-15,London,Cars,203000.0,28.791999999999994,2020,May,15,United Kingdom,221015.0,32992.0,69.44,69.44
331,2020-05-15,London,Motorbikes,723.0,28.791999999999994,2020,May,15,United Kingdom,221015.0,32992.0,69.44,69.44
332,2020-05-15,London,Buses,12770.0,28.791999999999994,2020,May,15,United Kingdom,221015.0,32992.0,69.44,69.44
333,2020-05-15,London,Trucks,12516.0,28.791999999999994,2020,May,15,United Kingdom,221015.0,32992.0,69.44,69.44
334,2020-05-15,London,Vans,28466.0,28.791999999999994,2020,May,15,United Kingdom,221015.0,32992.0,69.44,69.44
335,2020-05-15,London,Pedestrians & cyclists,30655.0,28.791999999999994,2020,May,15,United Kingdom,221015.0,32992.0,69.44,69.44
336,2020-05-16,London,Cars,208026.0,24.146,2020,May,16,United Kingdom,223643.0,33342.0,69.44,69.44
337,2020-05-16,London,Motorbikes,887.0,24.146,2020,May,16,United Kingdom,223643.0,33342.0,69.44,69.44
338,2020-05-16,London,Buses,14033.0,24.146,2020,May,16,United Kingdom,223643.0,33342.0,69.44,69.44
339,2020-05-16,London,Trucks,12788.0,24.146,2020,May,16,United Kingdom,223643.0,33342.0,69.44,69.44
340,2020-05-16,London,Vans,31020.0,24.146,2020,May,16,United Kingdom,223643.0,33342.0,69.44,69.44
341,2020-05-16,London,Pedestrians & cyclists,39066.0,24.146,2020,May,16,United Kingdom,223643.0,33342.0,69.44,69.44
342,2020-05-17,London,Cars,209074.0,18.834,2020,May,17,United Kingdom,226169.0,33753.0,69.44,69.44
343,2020-05-17,London,Motorbikes,796.0,18.834,2020,May,17,United Kingdom,226169.0,33753.0,69.44,69.44
344,2020-05-17,London,Buses,13936.0,18.834,2020,May,17,United Kingdom,226169.0,33753.0,69.44,69.44
345,2020-05-17,London,Trucks,13011.0,18.834,2020,May,17,United Kingdom,226169.0,33753.0,69.44,69.44
346,2020-05-17,London,Vans,30868.0,18.834,2020,May,17,United Kingdom,226169.0,33753.0,69.44,69.44
347,2020-05-17,London,Pedestrians & cyclists,38579.0,18.834,2020,May,17,United Kingdom,226169.0,33753.0,69.44,69.44
348,2020-05-18,London,Cars,205523.0,18.134000000000004,2020,May,18,United Kingdom,228248.0,33820.0,69.44,69.44
349,2020-05-18,London,Motorbikes,721.0,18.134000000000004,2020,May,18,United Kingdom,228248.0,33820.0,69.44,69.44
350,2020-05-18,London,Buses,13019.0,18.134000000000004,2020,May,18,United Kingdom,228248.0,33820.0,69.44,69.44
351,2020-05-18,London,Trucks,12686.0,18.134000000000004,2020,May,18,United Kingdom,228248.0,33820.0,69.44,69.44
352,2020-05-18,London,Vans,30168.0,18.134000000000004,2020,May,18,United Kingdom,228248.0,33820.0,69.44,69.44
353,2020-05-18,London,Pedestrians & cyclists,31255.0,18.134000000000004,2020,May,18,United Kingdom,228248.0,33820.0,69.44,69.44
354,2020-05-19,London,Cars,206973.0,22.123404255319144,2020,May,19,United Kingdom,230086.0,33966.0,69.44,69.44
355,2020-05-19,London,Motorbikes,704.0,22.123404255319144,2020,May,19,United Kingdom,230086.0,33966.0,69.44,69.44
356,2020-05-19,London,Buses,12863.0,22.123404255319144,2020,May,19,United Kingdom,230086.0,33966.0,69.44,69.44
357,2020-05-19,London,Trucks,12942.0,22.123404255319144,2020,May,19,United Kingdom,230086.0,33966.0,69.44,69.44
358,2020-05-19,London,Vans,30754.0,22.123404255319144,2020,May,19,United Kingdom,230086.0,33966.0,69.44,69.44
359,2020-05-19,London,Pedestrians & cyclists,29133.0,22.123404255319144,2020,May,19,United Kingdom,230086.0,33966.0,69.44,69.44
360,2020-05-20,London,Cars,205703.0,27.556250000000006,2020,May,20,United Kingdom,232675.0,34466.0,69.44,69.44
361,2020-05-20,London,Motorbikes,657.0,27.556250000000006,2020,May,20,United Kingdom,232675.0,34466.0,69.44,69.44
362,2020-05-20,London,Buses,12402.0,27.556250000000006,2020,May,20,United Kingdom,232675.0,34466.0,69.44,69.44
363,2020-05-20,London,Trucks,12656.0,27.556250000000006,2020,May,20,United Kingdom,232675.0,34466.0,69.44,69.44
364,2020-05-20,London,Vans,29109.0,27.556250000000006,2020,May,20,United Kingdom,232675.0,34466.0,69.44,69.44
365,2020-05-20,London,Pedestrians & cyclists,27323.0,27.556250000000006,2020,May,20,United Kingdom,232675.0,34466.0,69.44,69.44
366,2020-05-21,London,Cars,214217.0,29.500000000000004,2020,May,21,United Kingdom,235727.0,34794.0,69.44,69.44
367,2020-05-21,London,Motorbikes,766.0,29.500000000000004,2020,May,21,United Kingdom,235727.0,34794.0,69.44,69.44
368,2020-05-21,London,Buses,13250.0,29.500000000000004,2020,May,21,United Kingdom,235727.0,34794.0,69.44,69.44
369,2020-05-21,London,Trucks,13309.0,29.500000000000004,2020,May,21,United Kingdom,235727.0,34794.0,69.44,69.44
370,2020-05-21,London,Vans,31101.0,29.500000000000004,2020,May,21,United Kingdom,235727.0,34794.0,69.44,69.44
371,2020-05-21,London,Pedestrians & cyclists,30852.0,29.500000000000004,2020,May,21,United Kingdom,235727.0,34794.0,69.44,69.44
372,2020-05-22,London,Cars,228812.0,13.434693877551021,2020,May,22,United Kingdom,238445.0,35067.0,69.44,69.44
373,2020-05-22,London,Motorbikes,775.0,13.434693877551021,2020,May,22,United Kingdom,238445.0,35067.0,69.44,69.44
374,2020-05-22,London,Buses,14125.0,13.434693877551021,2020,May,22,United Kingdom,238445.0,35067.0,69.44,69.44
375,2020-05-22,London,Trucks,13808.0,13.434693877551021,2020,May,22,United Kingdom,238445.0,35067.0,69.44,69.44
376,2020-05-22,London,Vans,32689.0,13.434693877551021,2020,May,22,United Kingdom,238445.0,35067.0,69.44,69.44
377,2020-05-22,London,Pedestrians & cyclists,33215.0,13.434693877551021,2020,May,22,United Kingdom,238445.0,35067.0,69.44,69.44
378,2020-05-23,London,Cars,225709.0,7.985416666666668,2020,May,23,United Kingdom,241019.0,35358.0,69.44,69.44
379,2020-05-23,London,Motorbikes,724.0,7.985416666666668,2020,May,23,United Kingdom,241019.0,35358.0,69.44,69.44
380,2020-05-23,London,Buses,14117.0,7.985416666666668,2020,May,23,United Kingdom,241019.0,35358.0,69.44,69.44
381,2020-05-23,London,Trucks,13793.0,7.985416666666668,2020,May,23,United Kingdom,241019.0,35358.0,69.44,69.44
382,2020-05-23,London,Vans,32349.0,7.985416666666668,2020,May,23,United Kingdom,241019.0,35358.0,69.44,69.44
383,2020-05-23,London,Pedestrians & cyclists,31214.0,7.985416666666668,2020,May,23,United Kingdom,241019.0,35358.0,69.44,69.44
384,2020-05-24,London,Cars,236383.0,14.535416666666665,2020,May,24,United Kingdom,243081.0,35578.0,69.44,69.44
385,2020-05-24,London,Motorbikes,748.0,14.535416666666665,2020,May,24,United Kingdom,243081.0,35578.0,69.44,69.44
386,2020-05-24,London,Buses,15277.0,14.535416666666665,2020,May,24,United Kingdom,243081.0,35578.0,69.44,69.44
387,2020-05-24,London,Trucks,13597.0,14.535416666666665,2020,May,24,United Kingdom,243081.0,35578.0,69.44,69.44
388,2020-05-24,London,Vans,31807.0,14.535416666666665,2020,May,24,United Kingdom,243081.0,35578.0,69.44,69.44
389,2020-05-24,London,Pedestrians & cyclists,37634.0,14.535416666666665,2020,May,24,United Kingdom,243081.0,35578.0,69.44,69.44
390,2020-05-25,London,Cars,209388.0,21.022448979591836,2020,May,25,United Kingdom,244608.0,35957.0,69.44,69.44
391,2020-05-25,London,Motorbikes,677.0,21.022448979591836,2020,May,25,United Kingdom,244608.0,35957.0,69.44,69.44
392,2020-05-25,London,Buses,11379.0,21.022448979591836,2020,May,25,United Kingdom,244608.0,35957.0,69.44,69.44
393,2020-05-25,London,Trucks,7243.0,21.022448979591836,2020,May,25,United Kingdom,244608.0,35957.0,69.44,69.44
394,2020-05-25,London,Vans,15993.0,21.022448979591836,2020,May,25,United Kingdom,244608.0,35957.0,69.44,69.44
395,2020-05-25,London,Pedestrians & cyclists,31525.0,21.022448979591836,2020,May,25,United Kingdom,244608.0,35957.0,69.44,69.44
396,2020-05-26,London,Cars,232532.0,27.920408163265314,2020,May,26,United Kingdom,245972.0,36061.0,69.44,69.44
397,2020-05-26,London,Motorbikes,798.0,27.920408163265314,2020,May,26,United Kingdom,245972.0,36061.0,69.44,69.44
398,2020-05-26,London,Buses,14219.0,27.920408163265314,2020,May,26,United Kingdom,245972.0,36061.0,69.44,69.44
399,2020-05-26,London,Trucks,14188.0,27.920408163265314,2020,May,26,United Kingdom,245972.0,36061.0,69.44,69.44
400,2020-05-26,London,Vans,34312.0,27.920408163265314,2020,May,26,United Kingdom,245972.0,36061.0,69.44,69.44
401,2020-05-26,London,Pedestrians & cyclists,33619.0,27.920408163265314,2020,May,26,United Kingdom,245972.0,36061.0,69.44,69.44
402,2020-05-27,London,Cars,234396.0,30.414285714285715,2020,May,27,United Kingdom,247596.0,36192.0,69.44,69.44
403,2020-05-27,London,Motorbikes,875.0,30.414285714285715,2020,May,27,United Kingdom,247596.0,36192.0,69.44,69.44
404,2020-05-27,London,Buses,14551.0,30.414285714285715,2020,May,27,United Kingdom,247596.0,36192.0,69.44,69.44
405,2020-05-27,London,Trucks,14203.0,30.414285714285715,2020,May,27,United Kingdom,247596.0,36192.0,69.44,69.44
406,2020-05-27,London,Vans,34487.0,30.414285714285715,2020,May,27,United Kingdom,247596.0,36192.0,69.44,69.44
407,2020-05-27,London,Pedestrians & cyclists,36408.0,30.414285714285715,2020,May,27,United Kingdom,247596.0,36192.0,69.44,69.44
408,2020-05-28,London,Cars,226615.0,17.581632653061224,2020,May,28,United Kingdom,249268.0,36614.0,69.44,69.44
409,2020-05-28,London,Motorbikes,687.0,17.581632653061224,2020,May,28,United Kingdom,249268.0,36614.0,69.44,69.44
410,2020-05-28,London,Buses,13393.0,17.581632653061224,2020,May,28,United Kingdom,249268.0,36614.0,69.44,69.44
411,2020-05-28,London,Trucks,14388.0,17.581632653061224,2020,May,28,United Kingdom,249268.0,36614.0,69.44,69.44
412,2020-05-28,London,Vans,32986.0,17.581632653061224,2020,May,28,United Kingdom,249268.0,36614.0,69.44,69.44
413,2020-05-28,London,Pedestrians & cyclists,30132.0,17.581632653061224,2020,May,28,United Kingdom,249268.0,36614.0,69.44,69.44
414,2020-05-29,London,Cars,219048.0,22.414285714285715,2020,May,29,United Kingdom,251103.0,36957.0,69.44,69.44
415,2020-05-29,London,Motorbikes,607.0,22.414285714285715,2020,May,29,United Kingdom,251103.0,36957.0,69.44,69.44
416,2020-05-29,London,Buses,13162.0,22.414285714285715,2020,May,29,United Kingdom,251103.0,36957.0,69.44,69.44
417,2020-05-29,London,Trucks,14000.0,22.414285714285715,2020,May,29,United Kingdom,251103.0,36957.0,69.44,69.44
418,2020-05-29,London,Vans,31266.0,22.414285714285715,2020,May,29,United Kingdom,251103.0,36957.0,69.44,69.44
419,2020-05-29,London,Pedestrians & cyclists,26843.0,22.414285714285715,2020,May,29,United Kingdom,251103.0,36957.0,69.44,69.44
420,2020-05-30,London,Cars,225217.0,18.169387755102044,2020,May,30,United Kingdom,252863.0,37231.0,69.44,69.44
421,2020-05-30,London,Motorbikes,630.0,18.169387755102044,2020,May,30,United Kingdom,252863.0,37231.0,69.44,69.44
422,2020-05-30,London,Buses,13228.0,18.169387755102044,2020,May,30,United Kingdom,252863.0,37231.0,69.44,69.44
423,2020-05-30,London,Trucks,14412.0,18.169387755102044,2020,May,30,United Kingdom,252863.0,37231.0,69.44,69.44
424,2020-05-30,London,Vans,31849.0,18.169387755102044,2020,May,30,United Kingdom,252863.0,37231.0,69.44,69.44
425,2020-05-30,London,Pedestrians & cyclists,29109.0,18.169387755102044,2020,May,30,United Kingdom,252863.0,37231.0,69.44,69.44
426,2020-05-31,London,Cars,223629.0,13.881632653061223,2020,May,31,United Kingdom,254390.0,37385.0,69.44,69.44
427,2020-05-31,London,Motorbikes,653.0,13.881632653061223,2020,May,31,United Kingdom,254390.0,37385.0,69.44,69.44
428,2020-05-31,London,Buses,13481.0,13.881632653061223,2020,May,31,United Kingdom,254390.0,37385.0,69.44,69.44
429,2020-05-31,London,Trucks,14477.0,13.881632653061223,2020,May,31,United Kingdom,254390.0,37385.0,69.44,69.44
430,2020-05-31,London,Vans,31907.0,13.881632653061223,2020,May,31,United Kingdom,254390.0,37385.0,69.44,69.44
431,2020-05-31,London,Pedestrians & cyclists,29034.0,13.881632653061223,2020,May,31,United Kingdom,254390.0,37385.0,69.44,69.44
432,2020-06-01,London,Cars,232877.0,30.34375,2020,June,1,United Kingdom,255515.0,37445.0,67.59,67.59
433,2020-06-01,London,Motorbikes,679.0,30.34375,2020,June,1,United Kingdom,255515.0,37445.0,67.59,67.59
434,2020-06-01,London,Buses,13912.0,30.34375,2020,June,1,United Kingdom,255515.0,37445.0,67.59,67.59
435,2020-06-01,London,Trucks,14656.0,30.34375,2020,June,1,United Kingdom,255515.0,37445.0,67.59,67.59
436,2020-06-01,London,Vans,33607.0,30.34375,2020,June,1,United Kingdom,255515.0,37445.0,67.59,67.59
437,2020-06-01,London,Pedestrians & cyclists,29613.0,30.34375,2020,June,1,United Kingdom,255515.0,37445.0,67.59,67.59
438,2020-06-02,London,Cars,234257.0,67.22500000000001,2020,June,2,United Kingdom,256594.0,37531.0,67.59,67.59
439,2020-06-02,London,Motorbikes,729.0,67.22500000000001,2020,June,2,United Kingdom,256594.0,37531.0,67.59,67.59
440,2020-06-02,London,Buses,14390.0,67.22500000000001,2020,June,2,United Kingdom,256594.0,37531.0,67.59,67.59
441,2020-06-02,London,Trucks,14504.0,67.22500000000001,2020,June,2,United Kingdom,256594.0,37531.0,67.59,67.59
442,2020-06-02,London,Vans,34708.0,67.22500000000001,2020,June,2,United Kingdom,256594.0,37531.0,67.59,67.59
443,2020-06-02,London,Pedestrians & cyclists,32327.0,67.22500000000001,2020,June,2,United Kingdom,256594.0,37531.0,67.59,67.59
444,2020-06-03,London,Cars,243408.0,50.337500000000006,2020,June,3,United Kingdom,258035.0,37780.0,67.59,67.59
445,2020-06-03,London,Motorbikes,838.0,50.337500000000006,2020,June,3,United Kingdom,258035.0,37780.0,67.59,67.59
446,2020-06-03,London,Buses,15579.0,50.337500000000006,2020,June,3,United Kingdom,258035.0,37780.0,67.59,67.59
447,2020-06-03,London,Trucks,15363.0,50.337500000000006,2020,June,3,United Kingdom,258035.0,37780.0,67.59,67.59
448,2020-06-03,London,Vans,38316.0,50.337500000000006,2020,June,3,United Kingdom,258035.0,37780.0,67.59,67.59
449,2020-06-03,London,Pedestrians & cyclists,39736.0,50.337500000000006,2020,June,3,United Kingdom,258035.0,37780.0,67.59,67.59
450,2020-06-04,London,Cars,245134.0,24.21666666666667,2020,June,4,United Kingdom,259519.0,38034.0,67.59,67.59
451,2020-06-04,London,Motorbikes,889.0,24.21666666666667,2020,June,4,United Kingdom,259519.0,38034.0,67.59,67.59
452,2020-06-04,London,Buses,16161.0,24.21666666666667,2020,June,4,United Kingdom,259519.0,38034.0,67.59,67.59
453,2020-06-04,London,Trucks,15470.0,24.21666666666667,2020,June,4,United Kingdom,259519.0,38034.0,67.59,67.59
454,2020-06-04,London,Vans,38864.0,24.21666666666667,2020,June,4,United Kingdom,259519.0,38034.0,67.59,67.59
455,2020-06-04,London,Pedestrians & cyclists,42032.0,24.21666666666667,2020,June,4,United Kingdom,259519.0,38034.0,67.59,67.59
456,2020-06-05,London,Cars,248053.0,23.871999999999993,2020,June,5,United Kingdom,260875.0,38164.0,67.59,67.59
457,2020-06-05,London,Motorbikes,769.0,23.871999999999993,2020,June,5,United Kingdom,260875.0,38164.0,67.59,67.59
458,2020-06-05,London,Buses,15449.0,23.871999999999993,2020,June,5,United Kingdom,260875.0,38164.0,67.59,67.59
459,2020-06-05,London,Trucks,15438.0,23.871999999999993,2020,June,5,United Kingdom,260875.0,38164.0,67.59,67.59
460,2020-06-05,London,Vans,37650.0,23.871999999999993,2020,June,5,United Kingdom,260875.0,38164.0,67.59,67.59
461,2020-06-05,London,Pedestrians & cyclists,35543.0,23.871999999999993,2020,June,5,United Kingdom,260875.0,38164.0,67.59,67.59
462,2020-06-06,London,Cars,232201.0,15.856250000000003,2020,June,6,United Kingdom,262118.0,38422.0,67.59,67.59
463,2020-06-06,London,Motorbikes,621.0,15.856250000000003,2020,June,6,United Kingdom,262118.0,38422.0,67.59,67.59
464,2020-06-06,London,Buses,15178.0,15.856250000000003,2020,June,6,United Kingdom,262118.0,38422.0,67.59,67.59
465,2020-06-06,London,Trucks,15052.0,15.856250000000003,2020,June,6,United Kingdom,262118.0,38422.0,67.59,67.59
466,2020-06-06,London,Vans,35860.0,15.856250000000003,2020,June,6,United Kingdom,262118.0,38422.0,67.59,67.59
467,2020-06-06,London,Pedestrians & cyclists,31380.0,15.856250000000003,2020,June,6,United Kingdom,262118.0,38422.0,67.59,67.59
468,2020-06-07,London,Cars,239526.0,15.916666666666666,2020,June,7,United Kingdom,263238.0,38565.0,67.59,67.59
469,2020-06-07,London,Motorbikes,723.0,15.916666666666666,2020,June,7,United Kingdom,263238.0,38565.0,67.59,67.59
470,2020-06-07,London,Buses,15533.0,15.916666666666666,2020,June,7,United Kingdom,263238.0,38565.0,67.59,67.59
471,2020-06-07,London,Trucks,14881.0,15.916666666666666,2020,June,7,United Kingdom,263238.0,38565.0,67.59,67.59
472,2020-06-07,London,Vans,35277.0,15.916666666666666,2020,June,7,United Kingdom,263238.0,38565.0,67.59,67.59
473,2020-06-07,London,Pedestrians & cyclists,40403.0,15.916666666666666,2020,June,7,United Kingdom,263238.0,38565.0,67.59,67.59
474,2020-06-08,London,Cars,245605.0,27.226666666666667,2020,June,8,United Kingdom,264039.0,38619.0,73.15,73.15
475,2020-06-08,London,Motorbikes,831.0,27.226666666666667,2020,June,8,United Kingdom,264039.0,38619.0,73.15,73.15
476,2020-06-08,London,Buses,16050.0,27.226666666666667,2020,June,8,United Kingdom,264039.0,38619.0,73.15,73.15
477,2020-06-08,London,Trucks,15539.0,27.226666666666667,2020,June,8,United Kingdom,264039.0,38619.0,73.15,73.15
478,2020-06-08,London,Vans,37291.0,27.226666666666667,2020,June,8,United Kingdom,264039.0,38619.0,73.15,73.15
479,2020-06-08,London,Pedestrians & cyclists,42718.0,27.226666666666667,2020,June,8,United Kingdom,264039.0,38619.0,73.15,73.15
480,2020-06-13,London,Cars,256846.0,23.073469387755097,2020,June,13,United Kingdom,269233.0,39232.0,73.15,73.15
481,2020-06-13,London,Motorbikes,708.0,23.073469387755097,2020,June,13,United Kingdom,269233.0,39232.0,73.15,73.15
482,2020-06-13,London,Buses,15070.0,23.073469387755097,2020,June,13,United Kingdom,269233.0,39232.0,73.15,73.15
483,2020-06-13,London,Trucks,15311.0,23.073469387755097,2020,June,13,United Kingdom,269233.0,39232.0,73.15,73.15
484,2020-06-13,London,Vans,35237.0,23.073469387755097,2020,June,13,United Kingdom,269233.0,39232.0,73.15,73.15
485,2020-06-13,London,Pedestrians & cyclists,36715.0,23.073469387755097,2020,June,13,United Kingdom,269233.0,39232.0,73.15,73.15
486,2020-06-14,London,Cars,251212.0,17.844897959183672,2020,June,14,United Kingdom,270285.0,39339.0,73.15,73.15
487,2020-06-14,London,Motorbikes,704.0,17.844897959183672,2020,June,14,United Kingdom,270285.0,39339.0,73.15,73.15
488,2020-06-14,London,Buses,14656.0,17.844897959183672,2020,June,14,United Kingdom,270285.0,39339.0,73.15,73.15
489,2020-06-14,London,Trucks,15308.0,17.844897959183672,2020,June,14,United Kingdom,270285.0,39339.0,73.15,73.15
490,2020-06-14,London,Vans,34691.0,17.844897959183672,2020,June,14,United Kingdom,270285.0,39339.0,73.15,73.15
491,2020-06-14,London,Pedestrians & cyclists,36300.0,17.844897959183672,2020,June,14,United Kingdom,270285.0,39339.0,73.15,73.15
492,2020-06-15,London,Cars,254616.0,27.291836734693874,2020,June,15,United Kingdom,271175.0,39366.0,71.3,71.3
493,2020-06-15,London,Motorbikes,755.0,27.291836734693874,2020,June,15,United Kingdom,271175.0,39366.0,71.3,71.3
494,2020-06-15,London,Buses,15744.0,27.291836734693874,2020,June,15,United Kingdom,271175.0,39366.0,71.3,71.3
495,2020-06-15,London,Trucks,15432.0,27.291836734693874,2020,June,15,United Kingdom,271175.0,39366.0,71.3,71.3
496,2020-06-15,London,Vans,36301.0,27.291836734693874,2020,June,15,United Kingdom,271175.0,39366.0,71.3,71.3
497,2020-06-15,London,Pedestrians & cyclists,39255.0,27.291836734693874,2020,June,15,United Kingdom,271175.0,39366.0,71.3,71.3
498,2020-06-16,London,Cars,257199.0,24.33061224489795,2020,June,16,United Kingdom,271997.0,39395.0,71.3,71.3
499,2020-06-16,London,Motorbikes,692.0,24.33061224489795,2020,June,16,United Kingdom,271997.0,39395.0,71.3,71.3
500,2020-06-16,London,Buses,15717.0,24.33061224489795,2020,June,16,United Kingdom,271997.0,39395.0,71.3,71.3
501,2020-06-16,London,Trucks,15924.0,24.33061224489795,2020,June,16,United Kingdom,271997.0,39395.0,71.3,71.3
502,2020-06-16,London,Vans,37151.0,24.33061224489795,2020,June,16,United Kingdom,271997.0,39395.0,71.3,71.3
503,2020-06-16,London,Pedestrians & cyclists,36810.0,24.33061224489795,2020,June,16,United Kingdom,271997.0,39395.0,71.3,71.3
504,2020-06-17,London,Cars,251750.0,35.24791666666666,2020,June,17,United Kingdom,273040.0,39515.0,71.3,71.3
505,2020-06-17,London,Motorbikes,681.0,35.24791666666666,2020,June,17,United Kingdom,273040.0,39515.0,71.3,71.3
506,2020-06-17,London,Buses,16106.0,35.24791666666666,2020,June,17,United Kingdom,273040.0,39515.0,71.3,71.3
507,2020-06-17,London,Trucks,16024.0,35.24791666666666,2020,June,17,United Kingdom,273040.0,39515.0,71.3,71.3
508,2020-06-17,London,Vans,38012.0,35.24791666666666,2020,June,17,United Kingdom,273040.0,39515.0,71.3,71.3
509,2020-06-17,London,Pedestrians & cyclists,38078.0,35.24791666666666,2020,June,17,United Kingdom,273040.0,39515.0,71.3,71.3
510,2020-06-18,London,Cars,244234.0,23.551020408163264,2020,June,18,United Kingdom,274142.0,39625.0,71.3,71.3
511,2020-06-18,London,Motorbikes,559.0,23.551020408163264,2020,June,18,United Kingdom,274142.0,39625.0,71.3,71.3
512,2020-06-18,London,Buses,15342.0,23.551020408163264,2020,June,18,United Kingdom,274142.0,39625.0,71.3,71.3
513,2020-06-18,London,Trucks,15652.0,23.551020408163264,2020,June,18,United Kingdom,274142.0,39625.0,71.3,71.3
514,2020-06-18,London,Vans,34539.0,23.551020408163264,2020,June,18,United Kingdom,274142.0,39625.0,71.3,71.3
515,2020-06-18,London,Pedestrians & cyclists,29936.0,23.551020408163264,2020,June,18,United Kingdom,274142.0,39625.0,71.3,71.3
516,2020-06-19,London,Cars,262118.0,16.275510204081634,2020,June,19,United Kingdom,275155.0,39692.0,71.3,71.3
517,2020-06-19,London,Motorbikes,775.0,16.275510204081634,2020,June,19,United Kingdom,275155.0,39692.0,71.3,71.3
518,2020-06-19,London,Buses,16371.0,16.275510204081634,2020,June,19,United Kingdom,275155.0,39692.0,71.3,71.3
519,2020-06-19,London,Trucks,15980.0,16.275510204081634,2020,June,19,United Kingdom,275155.0,39692.0,71.3,71.3
520,2020-06-19,London,Vans,38647.0,16.275510204081634,2020,June,19,United Kingdom,275155.0,39692.0,71.3,71.3
521,2020-06-19,London,Pedestrians & cyclists,42994.0,16.275510204081634,2020,June,19,United Kingdom,275155.0,39692.0,71.3,71.3
522,2020-06-20,London,Cars,269755.0,14.672000000000002,2020,June,20,United Kingdom,276182.0,39776.0,71.3,71.3
523,2020-06-20,London,Motorbikes,636.0,14.672000000000002,2020,June,20,United Kingdom,276182.0,39776.0,71.3,71.3
524,2020-06-20,London,Buses,15539.0,14.672000000000002,2020,June,20,United Kingdom,276182.0,39776.0,71.3,71.3
525,2020-06-20,London,Trucks,15528.0,14.672000000000002,2020,June,20,United Kingdom,276182.0,39776.0,71.3,71.3
526,2020-06-20,London,Vans,36752.0,14.672000000000002,2020,June,20,United Kingdom,276182.0,39776.0,71.3,71.3
527,2020-06-20,London,Pedestrians & cyclists,41065.0,14.672000000000002,2020,June,20,United Kingdom,276182.0,39776.0,71.3,71.3
528,2020-06-21,London,Cars,264434.0,10.778000000000002,2020,June,21,United Kingdom,277168.0,39847.0,71.3,71.3
529,2020-06-21,London,Motorbikes,726.0,10.778000000000002,2020,June,21,United Kingdom,277168.0,39847.0,71.3,71.3
530,2020-06-21,London,Buses,16215.0,10.778000000000002,2020,June,21,United Kingdom,277168.0,39847.0,71.3,71.3
531,2020-06-21,London,Trucks,15939.0,10.778000000000002,2020,June,21,United Kingdom,277168.0,39847.0,71.3,71.3
532,2020-06-21,London,Vans,36781.0,10.778000000000002,2020,June,21,United Kingdom,277168.0,39847.0,71.3,71.3
533,2020-06-21,London,Pedestrians & cyclists,37761.0,10.778000000000002,2020,June,21,United Kingdom,277168.0,39847.0,71.3,71.3
534,2020-06-22,London,Cars,251333.0,17.068749999999998,2020,June,22,United Kingdom,277855.0,39878.0,71.3,71.3
535,2020-06-22,London,Motorbikes,623.0,17.068749999999998,2020,June,22,United Kingdom,277855.0,39878.0,71.3,71.3
536,2020-06-22,London,Buses,14989.0,17.068749999999998,2020,June,22,United Kingdom,277855.0,39878.0,71.3,71.3
537,2020-06-22,London,Trucks,15848.0,17.068749999999998,2020,June,22,United Kingdom,277855.0,39878.0,71.3,71.3
538,2020-06-22,London,Vans,35032.0,17.068749999999998,2020,June,22,United Kingdom,277855.0,39878.0,71.3,71.3
539,2020-06-22,London,Pedestrians & cyclists,33269.0,17.068749999999998,2020,June,22,United Kingdom,277855.0,39878.0,71.3,71.3
540,2020-06-23,London,Cars,262230.0,26.17391304347825,2020,June,23,United Kingdom,278494.0,39892.0,71.3,71.3
541,2020-06-23,London,Motorbikes,705.0,26.17391304347825,2020,June,23,United Kingdom,278494.0,39892.0,71.3,71.3
542,2020-06-23,London,Buses,15550.0,26.17391304347825,2020,June,23,United Kingdom,278494.0,39892.0,71.3,71.3
543,2020-06-23,London,Trucks,16218.0,26.17391304347825,2020,June,23,United Kingdom,278494.0,39892.0,71.3,71.3
544,2020-06-23,London,Vans,36073.0,26.17391304347825,2020,June,23,United Kingdom,278494.0,39892.0,71.3,71.3
545,2020-06-23,London,Pedestrians & cyclists,34693.0,26.17391304347825,2020,June,23,United Kingdom,278494.0,39892.0,71.3,71.3
546,2020-06-24,London,Cars,260870.0,38.346666666666664,2020,June,24,United Kingdom,279390.0,39986.0,71.3,71.3
547,2020-06-24,London,Motorbikes,664.0,38.346666666666664,2020,June,24,United Kingdom,279390.0,39986.0,71.3,71.3
548,2020-06-24,London,Buses,15272.0,38.346666666666664,2020,June,24,United Kingdom,279390.0,39986.0,71.3,71.3
549,2020-06-24,London,Trucks,15996.0,38.346666666666664,2020,June,24,United Kingdom,279390.0,39986.0,71.3,71.3
550,2020-06-24,London,Vans,35941.0,38.346666666666664,2020,June,24,United Kingdom,279390.0,39986.0,71.3,71.3
551,2020-06-24,London,Pedestrians & cyclists,32606.0,38.346666666666664,2020,June,24,United Kingdom,279390.0,39986.0,71.3,71.3
552,2020-06-25,London,Cars,257733.0,38.75106382978722,2020,June,25,United Kingdom,280276.0,40073.0,71.3,71.3
553,2020-06-25,London,Motorbikes,651.0,38.75106382978722,2020,June,25,United Kingdom,280276.0,40073.0,71.3,71.3
554,2020-06-25,London,Buses,14693.0,38.75106382978722,2020,June,25,United Kingdom,280276.0,40073.0,71.3,71.3
555,2020-06-25,London,Trucks,15625.0,38.75106382978722,2020,June,25,United Kingdom,280276.0,40073.0,71.3,71.3
556,2020-06-25,London,Vans,34487.0,38.75106382978722,2020,June,25,United Kingdom,280276.0,40073.0,71.3,71.3
557,2020-06-25,London,Pedestrians & cyclists,30496.0,38.75106382978722,2020,June,25,United Kingdom,280276.0,40073.0,71.3,71.3
558,2020-06-26,London,Cars,264090.0,29.83125,2020,June,26,United Kingdom,281054.0,40172.0,71.3,71.3
559,2020-06-26,London,Motorbikes,646.0,29.83125,2020,June,26,United Kingdom,281054.0,40172.0,71.3,71.3
560,2020-06-26,London,Buses,15795.0,29.83125,2020,June,26,United Kingdom,281054.0,40172.0,71.3,71.3
561,2020-06-26,London,Trucks,16426.0,29.83125,2020,June,26,United Kingdom,281054.0,40172.0,71.3,71.3
562,2020-06-26,London,Vans,36857.0,29.83125,2020,June,26,United Kingdom,281054.0,40172.0,71.3,71.3
563,2020-06-26,London,Pedestrians & cyclists,31897.0,29.83125,2020,June,26,United Kingdom,281054.0,40172.0,71.3,71.3
564,2020-06-27,London,Cars,263967.0,9.946938775510207,2020,June,27,United Kingdom,281775.0,40249.0,71.3,71.3
565,2020-06-27,London,Motorbikes,714.0,9.946938775510207,2020,June,27,United Kingdom,281775.0,40249.0,71.3,71.3
566,2020-06-27,London,Buses,16515.0,9.946938775510207,2020,June,27,United Kingdom,281775.0,40249.0,71.3,71.3
567,2020-06-27,London,Trucks,16529.0,9.946938775510207,2020,June,27,United Kingdom,281775.0,40249.0,71.3,71.3
568,2020-06-27,London,Vans,38142.0,9.946938775510207,2020,June,27,United Kingdom,281775.0,40249.0,71.3,71.3
569,2020-06-27,London,Pedestrians & cyclists,36217.0,9.946938775510207,2020,June,27,United Kingdom,281775.0,40249.0,71.3,71.3
570,2020-06-28,London,Cars,268068.0,7.817021276595745,2020,June,28,United Kingdom,282446.0,40289.0,71.3,71.3
571,2020-06-28,London,Motorbikes,690.0,7.817021276595745,2020,June,28,United Kingdom,282446.0,40289.0,71.3,71.3
572,2020-06-28,London,Buses,15930.0,7.817021276595745,2020,June,28,United Kingdom,282446.0,40289.0,71.3,71.3
573,2020-06-28,London,Trucks,16307.0,7.817021276595745,2020,June,28,United Kingdom,282446.0,40289.0,71.3,71.3
574,2020-06-28,London,Vans,38116.0,7.817021276595745,2020,June,28,United Kingdom,282446.0,40289.0,71.3,71.3
575,2020-06-28,London,Pedestrians & cyclists,37180.0,7.817021276595745,2020,June,28,United Kingdom,282446.0,40289.0,71.3,71.3
576,2020-06-29,London,Cars,271430.0,11.184782608695652,2020,June,29,United Kingdom,283095.0,40320.0,71.3,71.3
577,2020-06-29,London,Motorbikes,815.0,11.184782608695652,2020,June,29,United Kingdom,283095.0,40320.0,71.3,71.3
578,2020-06-29,London,Buses,17474.0,11.184782608695652,2020,June,29,United Kingdom,283095.0,40320.0,71.3,71.3
579,2020-06-29,London,Trucks,17229.0,11.184782608695652,2020,June,29,United Kingdom,283095.0,40320.0,71.3,71.3
580,2020-06-29,London,Vans,40697.0,11.184782608695652,2020,June,29,United Kingdom,283095.0,40320.0,71.3,71.3
581,2020-06-29,London,Pedestrians & cyclists,43404.0,11.184782608695652,2020,June,29,United Kingdom,283095.0,40320.0,71.3,71.3
582,2020-06-30,London,Cars,257895.0,16.339583333333337,2020,June,30,United Kingdom,283541.0,40341.0,71.3,71.3
583,2020-06-30,London,Motorbikes,733.0,16.339583333333337,2020,June,30,United Kingdom,283541.0,40341.0,71.3,71.3
584,2020-06-30,London,Buses,16704.0,16.339583333333337,2020,June,30,United Kingdom,283541.0,40341.0,71.3,71.3
585,2020-06-30,London,Trucks,16389.0,16.339583333333337,2020,June,30,United Kingdom,283541.0,40341.0,71.3,71.3
586,2020-06-30,London,Vans,38420.0,16.339583333333337,2020,June,30,United Kingdom,283541.0,40341.0,71.3,71.3
587,2020-06-30,London,Pedestrians & cyclists,40195.0,16.339583333333337,2020,June,30,United Kingdom,283541.0,40341.0,71.3,71.3
588,2020-07-01,London,Cars,273535.0,31.842000000000002,2020,July,1,United Kingdom,284271.0,40394.0,71.3,71.3
589,2020-07-01,London,Motorbikes,741.0,31.842000000000002,2020,July,1,United Kingdom,284271.0,40394.0,71.3,71.3
590,2020-07-01,London,Buses,17036.0,31.842000000000002,2020,July,1,United Kingdom,284271.0,40394.0,71.3,71.3
591,2020-07-01,London,Trucks,17023.0,31.842000000000002,2020,July,1,United Kingdom,284271.0,40394.0,71.3,71.3
592,2020-07-01,London,Vans,39740.0,31.842000000000002,2020,July,1,United Kingdom,284271.0,40394.0,71.3,71.3
593,2020-07-01,London,Pedestrians & cyclists,40955.0,31.842000000000002,2020,July,1,United Kingdom,284271.0,40394.0,71.3,71.3
594,2020-07-02,London,Cars,275291.0,46.12083333333333,2020,July,2,United Kingdom,284888.0,40491.0,71.3,71.3
595,2020-07-02,London,Motorbikes,652.0,46.12083333333333,2020,July,2,United Kingdom,284888.0,40491.0,71.3,71.3
596,2020-07-02,London,Buses,17608.0,46.12083333333333,2020,July,2,United Kingdom,284888.0,40491.0,71.3,71.3
597,2020-07-02,London,Trucks,17333.0,46.12083333333333,2020,July,2,United Kingdom,284888.0,40491.0,71.3,71.3
598,2020-07-02,London,Vans,40724.0,46.12083333333333,2020,July,2,United Kingdom,284888.0,40491.0,71.3,71.3
599,2020-07-02,London,Pedestrians & cyclists,37812.0,46.12083333333333,2020,July,2,United Kingdom,284888.0,40491.0,71.3,71.3
600,2020-07-03,London,Cars,269304.0,35.66249999999999,2020,July,3,United Kingdom,285539.0,40532.0,71.3,71.3
601,2020-07-03,London,Motorbikes,625.0,35.66249999999999,2020,July,3,United Kingdom,285539.0,40532.0,71.3,71.3
602,2020-07-03,London,Buses,17023.0,35.66249999999999,2020,July,3,United Kingdom,285539.0,40532.0,71.3,71.3
603,2020-07-03,London,Trucks,17137.0,35.66249999999999,2020,July,3,United Kingdom,285539.0,40532.0,71.3,71.3
604,2020-07-03,London,Vans,41045.0,35.66249999999999,2020,July,3,United Kingdom,285539.0,40532.0,71.3,71.3
605,2020-07-03,London,Pedestrians & cyclists,39948.0,35.66249999999999,2020,July,3,United Kingdom,285539.0,40532.0,71.3,71.3
606,2020-07-04,London,Cars,263061.0,38.43958333333333,2020,July,4,United Kingdom,286141.0,40581.0,69.91,69.91
607,2020-07-04,London,Motorbikes,683.0,38.43958333333333,2020,July,4,United Kingdom,286141.0,40581.0,69.91,69.91
608,2020-07-04,London,Buses,17035.0,38.43958333333333,2020,July,4,United Kingdom,286141.0,40581.0,69.91,69.91
609,2020-07-04,London,Trucks,17130.0,38.43958333333333,2020,July,4,United Kingdom,286141.0,40581.0,69.91,69.91
610,2020-07-04,London,Vans,41018.0,38.43958333333333,2020,July,4,United Kingdom,286141.0,40581.0,69.91,69.91
611,2020-07-04,London,Pedestrians & cyclists,45880.0,38.43958333333333,2020,July,4,United Kingdom,286141.0,40581.0,69.91,69.91
612,2020-07-05,London,Cars,278035.0,31.635294117647064,2020,July,5,United Kingdom,286720.0,40613.0,69.91,69.91
613,2020-07-05,London,Motorbikes,713.0,31.635294117647064,2020,July,5,United Kingdom,286720.0,40613.0,69.91,69.91
614,2020-07-05,London,Buses,16380.0,31.635294117647064,2020,July,5,United Kingdom,286720.0,40613.0,69.91,69.91
615,2020-07-05,London,Trucks,16833.0,31.635294117647064,2020,July,5,United Kingdom,286720.0,40613.0,69.91,69.91
616,2020-07-05,London,Vans,37718.0,31.635294117647064,2020,July,5,United Kingdom,286720.0,40613.0,69.91,69.91
617,2020-07-05,London,Pedestrians & cyclists,38712.0,31.635294117647064,2020,July,5,United Kingdom,286720.0,40613.0,69.91,69.91
618,2020-07-06,London,Cars,272549.0,15.722916666666665,2020,July,6,United Kingdom,287121.0,40632.0,64.35,64.35
619,2020-07-06,London,Motorbikes,739.0,15.722916666666665,2020,July,6,United Kingdom,287121.0,40632.0,64.35,64.35
620,2020-07-06,London,Buses,17088.0,15.722916666666665,2020,July,6,United Kingdom,287121.0,40632.0,64.35,64.35
621,2020-07-06,London,Trucks,17265.0,15.722916666666665,2020,July,6,United Kingdom,287121.0,40632.0,64.35,64.35
622,2020-07-06,London,Vans,39687.0,15.722916666666665,2020,July,6,United Kingdom,287121.0,40632.0,64.35,64.35
623,2020-07-06,London,Pedestrians & cyclists,43839.0,15.722916666666665,2020,July,6,United Kingdom,287121.0,40632.0,64.35,64.35
624,2020-07-07,London,Cars,266992.0,24.738775510204082,2020,July,7,United Kingdom,287676.0,40643.0,64.35,64.35
625,2020-07-07,London,Motorbikes,680.0,24.738775510204082,2020,July,7,United Kingdom,287676.0,40643.0,64.35,64.35
626,2020-07-07,London,Buses,17258.0,24.738775510204082,2020,July,7,United Kingdom,287676.0,40643.0,64.35,64.35
627,2020-07-07,London,Trucks,17126.0,24.738775510204082,2020,July,7,United Kingdom,287676.0,40643.0,64.35,64.35
628,2020-07-07,London,Vans,38667.0,24.738775510204082,2020,July,7,United Kingdom,287676.0,40643.0,64.35,64.35
629,2020-07-07,London,Pedestrians & cyclists,41253.0,24.738775510204082,2020,July,7,United Kingdom,287676.0,40643.0,64.35,64.35
630,2020-07-08,London,Cars,255831.0,62.071111111111115,2020,July,8,United Kingdom,288380.0,40697.0,64.35,64.35
631,2020-07-08,London,Motorbikes,529.0,62.071111111111115,2020,July,8,United Kingdom,288380.0,40697.0,64.35,64.35
632,2020-07-08,London,Buses,17212.0,62.071111111111115,2020,July,8,United Kingdom,288380.0,40697.0,64.35,64.35
633,2020-07-08,London,Trucks,17436.0,62.071111111111115,2020,July,8,United Kingdom,288380.0,40697.0,64.35,64.35
634,2020-07-08,London,Vans,38792.0,62.071111111111115,2020,July,8,United Kingdom,288380.0,40697.0,64.35,64.35
635,2020-07-08,London,Pedestrians & cyclists,35786.0,62.071111111111115,2020,July,8,United Kingdom,288380.0,40697.0,64.35,64.35
636,2020-07-13,London,Cars,250160.0,22.924,2020,July,13,United Kingdom,291392.0,40845.0,64.35,64.35
637,2020-07-13,London,Motorbikes,690.0,22.924,2020,July,13,United Kingdom,291392.0,40845.0,64.35,64.35
638,2020-07-13,London,Buses,16036.0,22.924,2020,July,13,United Kingdom,291392.0,40845.0,64.35,64.35
639,2020-07-13,London,Trucks,15150.0,22.924,2020,July,13,United Kingdom,291392.0,40845.0,64.35,64.35
640,2020-07-13,London,Vans,33965.0,22.924,2020,July,13,United Kingdom,291392.0,40845.0,64.35,64.35
641,2020-07-13,London,Pedestrians & cyclists,37780.0,22.924,2020,July,13,United Kingdom,291392.0,40845.0,64.35,64.35
642,2020-07-14,London,Cars,232069.0,20.428571428571427,2020,July,14,United Kingdom,291753.0,40855.0,64.35,64.35
643,2020-07-14,London,Motorbikes,587.0,20.428571428571427,2020,July,14,United Kingdom,291753.0,40855.0,64.35,64.35
644,2020-07-14,London,Buses,15423.0,20.428571428571427,2020,July,14,United Kingdom,291753.0,40855.0,64.35,64.35
645,2020-07-14,London,Trucks,15409.0,20.428571428571427,2020,July,14,United Kingdom,291753.0,40855.0,64.35,64.35
646,2020-07-14,London,Vans,34353.0,20.428571428571427,2020,July,14,United Kingdom,291753.0,40855.0,64.35,64.35
647,2020-07-14,London,Pedestrians & cyclists,34051.0,20.428571428571427,2020,July,14,United Kingdom,291753.0,40855.0,64.35,64.35
648,2020-07-15,London,Cars,258266.0,21.338775510204076,2020,July,15,United Kingdom,292479.0,40899.0,64.35,64.35
649,2020-07-15,London,Motorbikes,773.0,21.338775510204076,2020,July,15,United Kingdom,292479.0,40899.0,64.35,64.35
650,2020-07-15,London,Buses,16360.0,21.338775510204076,2020,July,15,United Kingdom,292479.0,40899.0,64.35,64.35
651,2020-07-15,London,Trucks,13915.0,21.338775510204076,2020,July,15,United Kingdom,292479.0,40899.0,64.35,64.35
652,2020-07-15,London,Vans,35232.0,21.338775510204076,2020,July,15,United Kingdom,292479.0,40899.0,64.35,64.35
653,2020-07-15,London,Pedestrians & cyclists,41844.0,21.338775510204076,2020,July,15,United Kingdom,292479.0,40899.0,64.35,64.35
654,2020-07-16,London,Cars,277039.0,19.919999999999995,2020,July,16,United Kingdom,293164.0,40925.0,64.35,64.35
655,2020-07-16,London,Motorbikes,739.0,19.919999999999995,2020,July,16,United Kingdom,293164.0,40925.0,64.35,64.35
656,2020-07-16,London,Buses,17951.0,19.919999999999995,2020,July,16,United Kingdom,293164.0,40925.0,64.35,64.35
657,2020-07-16,London,Trucks,17081.0,19.919999999999995,2020,July,16,United Kingdom,293164.0,40925.0,64.35,64.35
658,2020-07-16,London,Vans,40270.0,19.919999999999995,2020,July,16,United Kingdom,293164.0,40925.0,64.35,64.35
659,2020-07-16,London,Pedestrians & cyclists,47849.0,19.919999999999995,2020,July,16,United Kingdom,293164.0,40925.0,64.35,64.35
660,2020-07-17,London,Cars,261494.0,24.241999999999997,2020,July,17,United Kingdom,293936.0,40949.0,64.35,64.35
661,2020-07-17,London,Motorbikes,615.0,24.241999999999997,2020,July,17,United Kingdom,293936.0,40949.0,64.35,64.35
662,2020-07-17,London,Buses,15915.0,24.241999999999997,2020,July,17,United Kingdom,293936.0,40949.0,64.35,64.35
663,2020-07-17,London,Trucks,15910.0,24.241999999999997,2020,July,17,United Kingdom,293936.0,40949.0,64.35,64.35
664,2020-07-17,London,Vans,34761.0,24.241999999999997,2020,July,17,United Kingdom,293936.0,40949.0,64.35,64.35
665,2020-07-17,London,Pedestrians & cyclists,34835.0,24.241999999999997,2020,July,17,United Kingdom,293936.0,40949.0,64.35,64.35
666,2020-07-18,London,Cars,271505.0,16.138,2020,July,18,United Kingdom,294640.0,40975.0,64.35,64.35
667,2020-07-18,London,Motorbikes,649.0,16.138,2020,July,18,United Kingdom,294640.0,40975.0,64.35,64.35
668,2020-07-18,London,Buses,16864.0,16.138,2020,July,18,United Kingdom,294640.0,40975.0,64.35,64.35
669,2020-07-18,London,Trucks,16229.0,16.138,2020,July,18,United Kingdom,294640.0,40975.0,64.35,64.35
670,2020-07-18,London,Vans,37478.0,16.138,2020,July,18,United Kingdom,294640.0,40975.0,64.35,64.35
671,2020-07-18,London,Pedestrians & cyclists,38331.0,16.138,2020,July,18,United Kingdom,294640.0,40975.0,64.35,64.35
672,2020-07-19,London,Cars,260848.0,15.210000000000003,2020,July,19,United Kingdom,295209.0,40984.0,64.35,64.35
673,2020-07-19,London,Motorbikes,706.0,15.210000000000003,2020,July,19,United Kingdom,295209.0,40984.0,64.35,64.35
674,2020-07-19,London,Buses,17761.0,15.210000000000003,2020,July,19,United Kingdom,295209.0,40984.0,64.35,64.35
675,2020-07-19,London,Trucks,16863.0,15.210000000000003,2020,July,19,United Kingdom,295209.0,40984.0,64.35,64.35
676,2020-07-19,London,Vans,39496.0,15.210000000000003,2020,July,19,United Kingdom,295209.0,40984.0,64.35,64.35
677,2020-07-19,London,Pedestrians & cyclists,41640.0,15.210000000000003,2020,July,19,United Kingdom,295209.0,40984.0,64.35,64.35
678,2020-07-20,London,Cars,265085.0,20.877999999999997,2020,July,20,United Kingdom,295702.0,40995.0,64.35,64.35
679,2020-07-20,London,Motorbikes,582.0,20.877999999999997,2020,July,20,United Kingdom,295702.0,40995.0,64.35,64.35
680,2020-07-20,London,Buses,16466.0,20.877999999999997,2020,July,20,United Kingdom,295702.0,40995.0,64.35,64.35
681,2020-07-20,London,Trucks,16616.0,20.877999999999997,2020,July,20,United Kingdom,295702.0,40995.0,64.35,64.35
682,2020-07-20,London,Vans,36147.0,20.877999999999997,2020,July,20,United Kingdom,295702.0,40995.0,64.35,64.35
683,2020-07-20,London,Pedestrians & cyclists,35096.0,20.877999999999997,2020,July,20,United Kingdom,295702.0,40995.0,64.35,64.35
684,2020-07-21,London,Cars,273387.0,25.64,2020,July,21,United Kingdom,296115.0,41005.0,64.35,64.35
685,2020-07-21,London,Motorbikes,655.0,25.64,2020,July,21,United Kingdom,296115.0,41005.0,64.35,64.35
686,2020-07-21,London,Buses,17027.0,25.64,2020,July,21,United Kingdom,296115.0,41005.0,64.35,64.35
687,2020-07-21,London,Trucks,16691.0,25.64,2020,July,21,United Kingdom,296115.0,41005.0,64.35,64.35
688,2020-07-21,London,Vans,37142.0,25.64,2020,July,21,United Kingdom,296115.0,41005.0,64.35,64.35
689,2020-07-21,London,Pedestrians & cyclists,37916.0,25.64,2020,July,21,United Kingdom,296115.0,41005.0,64.35,64.35
690,2020-07-22,London,Cars,273857.0,24.478000000000005,2020,July,22,United Kingdom,296908.0,41030.0,64.35,64.35
691,2020-07-22,London,Motorbikes,710.0,24.478000000000005,2020,July,22,United Kingdom,296908.0,41030.0,64.35,64.35
692,2020-07-22,London,Buses,17073.0,24.478000000000005,2020,July,22,United Kingdom,296908.0,41030.0,64.35,64.35
693,2020-07-22,London,Trucks,16759.0,24.478000000000005,2020,July,22,United Kingdom,296908.0,41030.0,64.35,64.35
694,2020-07-22,London,Vans,38133.0,24.478000000000005,2020,July,22,United Kingdom,296908.0,41030.0,64.35,64.35
695,2020-07-22,London,Pedestrians & cyclists,39040.0,24.478000000000005,2020,July,22,United Kingdom,296908.0,41030.0,64.35,64.35
696,2020-07-23,London,Cars,275177.0,23.081999999999983,2020,July,23,United Kingdom,297659.0,41047.0,64.35,64.35
697,2020-07-23,London,Motorbikes,780.0,23.081999999999983,2020,July,23,United Kingdom,297659.0,41047.0,64.35,64.35
698,2020-07-23,London,Buses,17460.0,23.081999999999983,2020,July,23,United Kingdom,297659.0,41047.0,64.35,64.35
699,2020-07-23,London,Trucks,17177.0,23.081999999999983,2020,July,23,United Kingdom,297659.0,41047.0,64.35,64.35
700,2020-07-23,London,Vans,39491.0,23.081999999999983,2020,July,23,United Kingdom,297659.0,41047.0,64.35,64.35
701,2020-07-23,London,Pedestrians & cyclists,43652.0,23.081999999999983,2020,July,23,United Kingdom,297659.0,41047.0,64.35,64.35
702,2020-07-24,London,Cars,270815.0,18.646938775510204,2020,July,24,United Kingdom,298432.0,41056.0,64.35,64.35
703,2020-07-24,London,Motorbikes,749.0,18.646938775510204,2020,July,24,United Kingdom,298432.0,41056.0,64.35,64.35
704,2020-07-24,London,Buses,17816.0,18.646938775510204,2020,July,24,United Kingdom,298432.0,41056.0,64.35,64.35
705,2020-07-24,London,Trucks,16945.0,18.646938775510204,2020,July,24,United Kingdom,298432.0,41056.0,64.35,64.35
706,2020-07-24,London,Vans,39365.0,18.646938775510204,2020,July,24,United Kingdom,298432.0,41056.0,64.35,64.35
707,2020-07-24,London,Pedestrians & cyclists,43803.0,18.646938775510204,2020,July,24,United Kingdom,298432.0,41056.0,64.35,64.35
708,2020-07-25,London,Cars,256908.0,14.459183673469388,2020,July,25,United Kingdom,299163.0,41088.0,64.35,64.35
709,2020-07-25,London,Motorbikes,576.0,14.459183673469388,2020,July,25,United Kingdom,299163.0,41088.0,64.35,64.35
710,2020-07-25,London,Buses,17375.0,14.459183673469388,2020,July,25,United Kingdom,299163.0,41088.0,64.35,64.35
711,2020-07-25,London,Trucks,16935.0,14.459183673469388,2020,July,25,United Kingdom,299163.0,41088.0,64.35,64.35
712,2020-07-25,London,Vans,39133.0,14.459183673469388,2020,July,25,United Kingdom,299163.0,41088.0,64.35,64.35
713,2020-07-25,London,Pedestrians & cyclists,33149.0,14.459183673469388,2020,July,25,United Kingdom,299163.0,41088.0,64.35,64.35
714,2020-07-26,London,Cars,273773.0,11.44081632653062,2020,July,26,United Kingdom,299830.0,41103.0,64.35,64.35
715,2020-07-26,London,Motorbikes,617.0,11.44081632653062,2020,July,26,United Kingdom,299830.0,41103.0,64.35,64.35
716,2020-07-26,London,Buses,17570.0,11.44081632653062,2020,July,26,United Kingdom,299830.0,41103.0,64.35,64.35
717,2020-07-26,London,Trucks,16582.0,11.44081632653062,2020,July,26,United Kingdom,299830.0,41103.0,64.35,64.35
718,2020-07-26,London,Vans,38331.0,11.44081632653062,2020,July,26,United Kingdom,299830.0,41103.0,64.35,64.35
719,2020-07-26,London,Pedestrians & cyclists,40282.0,11.44081632653062,2020,July,26,United Kingdom,299830.0,41103.0,64.35,64.35
720,2020-07-27,London,Cars,270026.0,14.775510204081632,2020,July,27,United Kingdom,300251.0,41111.0,64.35,64.35
721,2020-07-27,London,Motorbikes,631.0,14.775510204081632,2020,July,27,United Kingdom,300251.0,41111.0,64.35,64.35
722,2020-07-27,London,Buses,18491.0,14.775510204081632,2020,July,27,United Kingdom,300251.0,41111.0,64.35,64.35
723,2020-07-27,London,Trucks,17709.0,14.775510204081632,2020,July,27,United Kingdom,300251.0,41111.0,64.35,64.35
724,2020-07-27,London,Vans,39416.0,14.775510204081632,2020,July,27,United Kingdom,300251.0,41111.0,64.35,64.35
725,2020-07-27,London,Pedestrians & cyclists,40629.0,14.775510204081632,2020,July,27,United Kingdom,300251.0,41111.0,64.35,64.35
726,2020-07-28,London,Cars,281486.0,17.176,2020,July,28,United Kingdom,300622.0,41114.0,64.35,64.35
727,2020-07-28,London,Motorbikes,712.0,17.176,2020,July,28,United Kingdom,300622.0,41114.0,64.35,64.35
728,2020-07-28,London,Buses,18097.0,17.176,2020,July,28,United Kingdom,300622.0,41114.0,64.35,64.35
729,2020-07-28,London,Trucks,17333.0,17.176,2020,July,28,United Kingdom,300622.0,41114.0,64.35,64.35
730,2020-07-28,London,Vans,39632.0,17.176,2020,July,28,United Kingdom,300622.0,41114.0,64.35,64.35
731,2020-07-28,London,Pedestrians & cyclists,43826.0,17.176,2020,July,28,United Kingdom,300622.0,41114.0,64.35,64.35
732,2020-07-29,London,Cars,268686.0,25.786000000000005,2020,July,29,United Kingdom,300692.0,41135.0,64.35,64.35
733,2020-07-29,London,Motorbikes,609.0,25.786000000000005,2020,July,29,United Kingdom,300692.0,41135.0,64.35,64.35
734,2020-07-29,London,Buses,16429.0,25.786000000000005,2020,July,29,United Kingdom,300692.0,41135.0,64.35,64.35
735,2020-07-29,London,Trucks,16314.0,25.786000000000005,2020,July,29,United Kingdom,300692.0,41135.0,64.35,64.35
736,2020-07-29,London,Vans,36399.0,25.786000000000005,2020,July,29,United Kingdom,300692.0,41135.0,64.35,64.35
737,2020-07-29,London,Pedestrians & cyclists,38113.0,25.786000000000005,2020,July,29,United Kingdom,300692.0,41135.0,64.35,64.35
738,2020-07-30,London,Cars,259244.0,34.357142857142854,2020,July,30,United Kingdom,301455.0,41169.0,64.35,64.35
739,2020-07-30,London,Motorbikes,570.0,34.357142857142854,2020,July,30,United Kingdom,301455.0,41169.0,64.35,64.35
740,2020-07-30,London,Buses,15727.0,34.357142857142854,2020,July,30,United Kingdom,301455.0,41169.0,64.35,64.35
741,2020-07-30,London,Trucks,16181.0,34.357142857142854,2020,July,30,United Kingdom,301455.0,41169.0,64.35,64.35
742,2020-07-30,London,Vans,34182.0,34.357142857142854,2020,July,30,United Kingdom,301455.0,41169.0,64.35,64.35
743,2020-07-30,London,Pedestrians & cyclists,31779.0,34.357142857142854,2020,July,30,United Kingdom,301455.0,41169.0,64.35,64.35
744,2020-07-31,London,Cars,283384.0,38.62978723404257,2020,July,31,United Kingdom,302301.0,41169.0,64.35,64.35
745,2020-07-31,London,Motorbikes,624.0,38.62978723404257,2020,July,31,United Kingdom,302301.0,41169.0,64.35,64.35
746,2020-07-31,London,Buses,17139.0,38.62978723404257,2020,July,31,United Kingdom,302301.0,41169.0,64.35,64.35
747,2020-07-31,London,Trucks,16633.0,38.62978723404257,2020,July,31,United Kingdom,302301.0,41169.0,64.35,64.35
748,2020-07-31,London,Vans,36368.0,38.62978723404257,2020,July,31,United Kingdom,302301.0,41169.0,64.35,64.35
749,2020-07-31,London,Pedestrians & cyclists,36025.0,38.62978723404257,2020,July,31,United Kingdom,302301.0,41169.0,64.35,64.35
750,2020-08-01,London,Cars,292384.0,38.43877551020409,2020,August,1,United Kingdom,303181.0,41189.0,68.06,68.06
751,2020-08-01,London,Motorbikes,733.0,38.43877551020409,2020,August,1,United Kingdom,303181.0,41189.0,68.06,68.06
752,2020-08-01,London,Buses,18043.0,38.43877551020409,2020,August,1,United Kingdom,303181.0,41189.0,68.06,68.06
753,2020-08-01,London,Trucks,17439.0,38.43877551020409,2020,August,1,United Kingdom,303181.0,41189.0,68.06,68.06
754,2020-08-01,London,Vans,38952.0,38.43877551020409,2020,August,1,United Kingdom,303181.0,41189.0,68.06,68.06
755,2020-08-01,London,Pedestrians & cyclists,41479.0,38.43877551020409,2020,August,1,United Kingdom,303181.0,41189.0,68.06,68.06
756,2020-08-02,London,Cars,273983.0,26.83673469387756,2020,August,2,United Kingdom,303952.0,41202.0,68.06,68.06
757,2020-08-02,London,Motorbikes,667.0,26.83673469387756,2020,August,2,United Kingdom,303952.0,41202.0,68.06,68.06
758,2020-08-02,London,Buses,16937.0,26.83673469387756,2020,August,2,United Kingdom,303952.0,41202.0,68.06,68.06
759,2020-08-02,London,Trucks,16800.0,26.83673469387756,2020,August,2,United Kingdom,303952.0,41202.0,68.06,68.06
760,2020-08-02,London,Vans,37942.0,26.83673469387756,2020,August,2,United Kingdom,303952.0,41202.0,68.06,68.06
761,2020-08-02,London,Pedestrians & cyclists,37409.0,26.83673469387756,2020,August,2,United Kingdom,303952.0,41202.0,68.06,68.06
762,2020-08-03,London,Cars,270493.0,17.872916666666665,2020,August,3,United Kingdom,304695.0,41207.0,68.06,68.06
763,2020-08-03,London,Motorbikes,683.0,17.872916666666665,2020,August,3,United Kingdom,304695.0,41207.0,68.06,68.06
764,2020-08-03,London,Buses,16948.0,17.872916666666665,2020,August,3,United Kingdom,304695.0,41207.0,68.06,68.06
765,2020-08-03,London,Trucks,16348.0,17.872916666666665,2020,August,3,United Kingdom,304695.0,41207.0,68.06,68.06
766,2020-08-03,London,Vans,36758.0,17.872916666666665,2020,August,3,United Kingdom,304695.0,41207.0,68.06,68.06
767,2020-08-03,London,Pedestrians & cyclists,38847.0,17.872916666666665,2020,August,3,United Kingdom,304695.0,41207.0,68.06,68.06
768,2020-08-04,London,Cars,264607.0,43.84791666666666,2020,August,4,United Kingdom,305623.0,41208.0,65.28,65.28
769,2020-08-04,London,Motorbikes,679.0,43.84791666666666,2020,August,4,United Kingdom,305623.0,41208.0,65.28,65.28
770,2020-08-04,London,Buses,16776.0,43.84791666666666,2020,August,4,United Kingdom,305623.0,41208.0,65.28,65.28
771,2020-08-04,London,Trucks,16570.0,43.84791666666666,2020,August,4,United Kingdom,305623.0,41208.0,65.28,65.28
772,2020-08-04,London,Vans,37498.0,43.84791666666666,2020,August,4,United Kingdom,305623.0,41208.0,65.28,65.28
773,2020-08-04,London,Pedestrians & cyclists,38789.0,43.84791666666666,2020,August,4,United Kingdom,305623.0,41208.0,65.28,65.28
774,2020-08-05,London,Cars,270559.0,32.46078431372548,2020,August,5,United Kingdom,306293.0,41226.0,65.28,65.28
775,2020-08-05,London,Motorbikes,694.0,32.46078431372548,2020,August,5,United Kingdom,306293.0,41226.0,65.28,65.28
776,2020-08-05,London,Buses,17310.0,32.46078431372548,2020,August,5,United Kingdom,306293.0,41226.0,65.28,65.28
777,2020-08-05,London,Trucks,16945.0,32.46078431372548,2020,August,5,United Kingdom,306293.0,41226.0,65.28,65.28
778,2020-08-05,London,Vans,36991.0,32.46078431372548,2020,August,5,United Kingdom,306293.0,41226.0,65.28,65.28
779,2020-08-05,London,Pedestrians & cyclists,40220.0,32.46078431372548,2020,August,5,United Kingdom,306293.0,41226.0,65.28,65.28
780,2020-08-06,London,Cars,268563.0,17.45744680851064,2020,August,6,United Kingdom,307184.0,41240.0,65.28,65.28
781,2020-08-06,London,Motorbikes,739.0,17.45744680851064,2020,August,6,United Kingdom,307184.0,41240.0,65.28,65.28
782,2020-08-06,London,Buses,17518.0,17.45744680851064,2020,August,6,United Kingdom,307184.0,41240.0,65.28,65.28
783,2020-08-06,London,Trucks,17231.0,17.45744680851064,2020,August,6,United Kingdom,307184.0,41240.0,65.28,65.28
784,2020-08-06,London,Vans,37913.0,17.45744680851064,2020,August,6,United Kingdom,307184.0,41240.0,65.28,65.28
785,2020-08-06,London,Pedestrians & cyclists,40558.0,17.45744680851064,2020,August,6,United Kingdom,307184.0,41240.0,65.28,65.28
786,2020-08-07,London,Cars,254669.0,18.083673469387755,2020,August,7,United Kingdom,308134.0,41258.0,65.28,65.28
787,2020-08-07,London,Motorbikes,608.0,18.083673469387755,2020,August,7,United Kingdom,308134.0,41258.0,65.28,65.28
788,2020-08-07,London,Buses,16421.0,18.083673469387755,2020,August,7,United Kingdom,308134.0,41258.0,65.28,65.28
789,2020-08-07,London,Trucks,15916.0,18.083673469387755,2020,August,7,United Kingdom,308134.0,41258.0,65.28,65.28
790,2020-08-07,London,Vans,34214.0,18.083673469387755,2020,August,7,United Kingdom,308134.0,41258.0,65.28,65.28
791,2020-08-07,London,Pedestrians & cyclists,31862.0,18.083673469387755,2020,August,7,United Kingdom,308134.0,41258.0,65.28,65.28
792,2020-08-08,London,Cars,266141.0,40.606666666666655,2020,August,8,United Kingdom,309005.0,41270.0,65.28,65.28
793,2020-08-08,London,Motorbikes,717.0,40.606666666666655,2020,August,8,United Kingdom,309005.0,41270.0,65.28,65.28
794,2020-08-08,London,Buses,17165.0,40.606666666666655,2020,August,8,United Kingdom,309005.0,41270.0,65.28,65.28
795,2020-08-08,London,Trucks,16269.0,40.606666666666655,2020,August,8,United Kingdom,309005.0,41270.0,65.28,65.28
796,2020-08-08,London,Vans,36467.0,40.606666666666655,2020,August,8,United Kingdom,309005.0,41270.0,65.28,65.28
797,2020-08-08,London,Pedestrians & cyclists,38162.0,40.606666666666655,2020,August,8,United Kingdom,309005.0,41270.0,65.28,65.28
798,2020-08-13,London,Cars,270742.0,27.54347826086957,2020,August,13,United Kingdom,313798.0,41329.0,65.28,65.28
799,2020-08-13,London,Motorbikes,694.0,27.54347826086957,2020,August,13,United Kingdom,313798.0,41329.0,65.28,65.28
800,2020-08-13,London,Buses,17570.0,27.54347826086957,2020,August,13,United Kingdom,313798.0,41329.0,65.28,65.28
801,2020-08-13,London,Trucks,16873.0,27.54347826086957,2020,August,13,United Kingdom,313798.0,41329.0,65.28,65.28
802,2020-08-13,London,Vans,36896.0,27.54347826086957,2020,August,13,United Kingdom,313798.0,41329.0,65.28,65.28
803,2020-08-13,London,Pedestrians & cyclists,36843.0,27.54347826086957,2020,August,13,United Kingdom,313798.0,41329.0,65.28,65.28
